XK_topleftsummation;0x08b1;;;;;
XK_botleftsummation;0x08b2;;;;;
XK_topvertsummationconnector;0x08b3;;;;;
XK_botvertsummationconnector;0x08b4;;;;;
XK_toprightsummation;0x08b5;;;;;
XK_botrightsummation;0x08b6;;;;;
XK_rightmiddlesummation;0x08b7;;;;;
XK_blank;0x09df;;;;;
XK_marker;0x0abf;;;;;
XK_trademarkincircle;0x0acb;;;;;
XK_hexagram;0x0ada;;;;;
XK_cursor;0x0aff;;;;;
XK_Hangul_Kiyeog;0x0ea1;;;;;
XK_Hangul_SsangKiyeog;0x0ea2;;;;;
XK_Hangul_KiyeogSios;0x0ea3;;;;;
XK_Hangul_Nieun;0x0ea4;;;;;
XK_Hangul_NieunJieuj;0x0ea5;;;;;
XK_Hangul_NieunHieuh;0x0ea6;;;;;
XK_Hangul_Dikeud;0x0ea7;;;;;
XK_Hangul_SsangDikeud;0x0ea8;;;;;
XK_Hangul_Rieul;0x0ea9;;;;;
XK_Hangul_RieulKiyeog;0x0eaa;;;;;
XK_Hangul_RieulMieum;0x0eab;;;;;
XK_Hangul_RieulPieub;0x0eac;;;;;
XK_Hangul_RieulSios;0x0ead;;;;;
XK_Hangul_RieulTieut;0x0eae;;;;;
XK_Hangul_RieulPhieuf;0x0eaf;;;;;
XK_Hangul_RieulHieuh;0x0eb0;;;;;
XK_Hangul_Mieum;0x0eb1;;;;;
XK_Hangul_Pieub;0x0eb2;;;;;
XK_Hangul_SsangPieub;0x0eb3;;;;;
XK_Hangul_PieubSios;0x0eb4;;;;;
XK_Hangul_Sios;0x0eb5;;;;;
XK_Hangul_SsangSios;0x0eb6;;;;;
XK_Hangul_Ieung;0x0eb7;;;;;
XK_Hangul_Jieuj;0x0eb8;;;;;
XK_Hangul_SsangJieuj;0x0eb9;;;;;
XK_Hangul_Cieuc;0x0eba;;;;;
XK_Hangul_Khieuq;0x0ebb;;;;;
XK_Hangul_Tieut;0x0ebc;;;;;
XK_Hangul_Phieuf;0x0ebd;;;;;
XK_Hangul_Hieuh;0x0ebe;;;;;
XK_Hangul_A;0x0ebf;;;;;
XK_Hangul_AE;0x0ec0;;;;;
XK_Hangul_YA;0x0ec1;;;;;
XK_Hangul_YAE;0x0ec2;;;;;
XK_Hangul_EO;0x0ec3;;;;;
XK_Hangul_E;0x0ec4;;;;;
XK_Hangul_YEO;0x0ec5;;;;;
XK_Hangul_YE;0x0ec6;;;;;
XK_Hangul_O;0x0ec7;;;;;
XK_Hangul_WA;0x0ec8;;;;;
XK_Hangul_WAE;0x0ec9;;;;;
XK_Hangul_OE;0x0eca;;;;;
XK_Hangul_YO;0x0ecb;;;;;
XK_Hangul_U;0x0ecc;;;;;
XK_Hangul_WEO;0x0ecd;;;;;
XK_Hangul_WE;0x0ece;;;;;
XK_Hangul_WI;0x0ecf;;;;;
XK_Hangul_YU;0x0ed0;;;;;
XK_Hangul_EU;0x0ed1;;;;;
XK_Hangul_YI;0x0ed2;;;;;
XK_Hangul_I;0x0ed3;;;;;
XK_Hangul_J_Kiyeog;0x0ed4;;;;;
XK_Hangul_J_SsangKiyeog;0x0ed5;;;;;
XK_Hangul_J_KiyeogSios;0x0ed6;;;;;
XK_Hangul_J_Nieun;0x0ed7;;;;;
XK_Hangul_J_NieunJieuj;0x0ed8;;;;;
XK_Hangul_J_NieunHieuh;0x0ed9;;;;;
XK_Hangul_J_Dikeud;0x0eda;;;;;
XK_Hangul_J_Rieul;0x0edb;;;;;
XK_Hangul_J_RieulKiyeog;0x0edc;;;;;
XK_Hangul_J_RieulMieum;0x0edd;;;;;
XK_Hangul_J_RieulPieub;0x0ede;;;;;
XK_Hangul_J_RieulSios;0x0edf;;;;;
XK_Hangul_J_RieulTieut;0x0ee0;;;;;
XK_Hangul_J_RieulPhieuf;0x0ee1;;;;;
XK_Hangul_J_RieulHieuh;0x0ee2;;;;;
XK_Hangul_J_Mieum;0x0ee3;;;;;
XK_Hangul_J_Pieub;0x0ee4;;;;;
XK_Hangul_J_PieubSios;0x0ee5;;;;;
XK_Hangul_J_Sios;0x0ee6;;;;;
XK_Hangul_J_SsangSios;0x0ee7;;;;;
XK_Hangul_J_Ieung;0x0ee8;;;;;
XK_Hangul_J_Jieuj;0x0ee9;;;;;
XK_Hangul_J_Cieuc;0x0eea;;;;;
XK_Hangul_J_Khieuq;0x0eeb;;;;;
XK_Hangul_J_Tieut;0x0eec;;;;;
XK_Hangul_J_Phieuf;0x0eed;;;;;
XK_Hangul_J_Hieuh;0x0eee;;;;;
XK_Hangul_RieulYeorinHieuh;0x0eef;;;;;
XK_Hangul_SunkyeongeumMieum;0x0ef0;;;;;
XK_Hangul_SunkyeongeumPieub;0x0ef1;;;;;
XK_Hangul_PanSios;0x0ef2;;;;;
XK_Hangul_KkogjiDalrinIeung;0x0ef3;;;;;
XK_Hangul_SunkyeongeumPhieuf;0x0ef4;;;;;
XK_Hangul_YeorinHieuh;0x0ef5;;;;;
XK_Hangul_AraeA;0x0ef6;;;;;
XK_Hangul_AraeAE;0x0ef7;;;;;
XK_Hangul_J_PanSios;0x0ef8;;;;;
XK_Hangul_J_KkogjiDalrinIeung;0x0ef9;;;;;
XK_Hangul_J_YeorinHieuh;0x0efa;;;;;
XK_space;0x0020;32;0020; ;SPACE;
XK_exclam;0x0021;33;0021;!;EXCLAMATION MARK;
XK_quotedbl;0x0022;34;0022;";QUOTATION MARK;
XK_numbersign;0x0023;35;0023;#;NUMBER SIGN;
XK_dollar;0x0024;36;0024;$;DOLLAR SIGN;
XK_percent;0x0025;37;0025;%;PERCENT SIGN;
XK_ampersand;0x0026;38;0026;&;AMPERSAND;
XK_apostrophe;0x0027;39;0027;';APOSTROPHE;
XK_parenleft;0x0028;40;0028;(;LEFT PARENTHESIS;
XK_parenright;0x0029;41;0029;);RIGHT PARENTHESIS;
XK_asterisk;0x002a;42;002A;*;ASTERISK;
XK_plus;0x002b;43;002B;+;PLUS SIGN;
XK_comma;0x002c;44;002C;,;COMMA;
XK_minus;0x002d;45;002D;-;HYPHEN-MINUS;
XK_period;0x002e;46;002E;.;FULL STOP;
XK_decimalpoint;0x0abd;46;002E;.;FULL STOP)*/;
XK_slash;0x002f;47;002F;/;SOLIDUS;
XK_0;0x0030;48;0030;0;DIGIT ZERO;
XK_1;0x0031;49;0031;1;DIGIT ONE;
XK_2;0x0032;50;0032;2;DIGIT TWO;
XK_3;0x0033;51;0033;3;DIGIT THREE;
XK_4;0x0034;52;0034;4;DIGIT FOUR;
XK_5;0x0035;53;0035;5;DIGIT FIVE;
XK_6;0x0036;54;0036;6;DIGIT SIX;
XK_7;0x0037;55;0037;7;DIGIT SEVEN;
XK_8;0x0038;56;0038;8;DIGIT EIGHT;
XK_9;0x0039;57;0039;9;DIGIT NINE;
XK_colon;0x003a;58;003A;:;COLON;
XK_semicolon;0x003b;59;003B;;;SEMICOLON;
XK_less;0x003c;60;003C;<;LESS-THAN SIGN;
XK_leftcaret;0x0ba3;60;003C;<;LESS-THAN SIGN)*/;
XK_equal;0x003d;61;003D;=;EQUALS SIGN;
XK_greater;0x003e;62;003E;>;GREATER-THAN SIGN;
XK_rightcaret;0x0ba6;62;003E;>;GREATER-THAN SIGN)*/;
XK_question;0x003f;63;003F;?;QUESTION MARK;
XK_at;0x0040;64;0040;@;COMMERCIAL AT;
XK_A;0x0041;65;0041;A;LATIN CAPITAL LETTER A;
XK_B;0x0042;66;0042;B;LATIN CAPITAL LETTER B;
XK_C;0x0043;67;0043;C;LATIN CAPITAL LETTER C;
XK_D;0x0044;68;0044;D;LATIN CAPITAL LETTER D;
XK_E;0x0045;69;0045;E;LATIN CAPITAL LETTER E;
XK_F;0x0046;70;0046;F;LATIN CAPITAL LETTER F;
XK_G;0x0047;71;0047;G;LATIN CAPITAL LETTER G;
XK_H;0x0048;72;0048;H;LATIN CAPITAL LETTER H;
XK_I;0x0049;73;0049;I;LATIN CAPITAL LETTER I;
XK_J;0x004a;74;004A;J;LATIN CAPITAL LETTER J;
XK_K;0x004b;75;004B;K;LATIN CAPITAL LETTER K;
XK_L;0x004c;76;004C;L;LATIN CAPITAL LETTER L;
XK_M;0x004d;77;004D;M;LATIN CAPITAL LETTER M;
XK_N;0x004e;78;004E;N;LATIN CAPITAL LETTER N;
XK_O;0x004f;79;004F;O;LATIN CAPITAL LETTER O;
XK_P;0x0050;80;0050;P;LATIN CAPITAL LETTER P;
XK_Q;0x0051;81;0051;Q;LATIN CAPITAL LETTER Q;
XK_R;0x0052;82;0052;R;LATIN CAPITAL LETTER R;
XK_S;0x0053;83;0053;S;LATIN CAPITAL LETTER S;
XK_T;0x0054;84;0054;T;LATIN CAPITAL LETTER T;
XK_U;0x0055;85;0055;U;LATIN CAPITAL LETTER U;
XK_V;0x0056;86;0056;V;LATIN CAPITAL LETTER V;
XK_W;0x0057;87;0057;W;LATIN CAPITAL LETTER W;
XK_X;0x0058;88;0058;X;LATIN CAPITAL LETTER X;
XK_Y;0x0059;89;0059;Y;LATIN CAPITAL LETTER Y;
XK_Z;0x005a;90;005A;Z;LATIN CAPITAL LETTER Z;
XK_bracketleft;0x005b;91;005B;[;LEFT SQUARE BRACKET;
XK_backslash;0x005c;92;005C;\;REVERSE SOLIDUS;
XK_bracketright;0x005d;93;005D;];RIGHT SQUARE BRACKET;
XK_asciicircum;0x005e;94;005E;^;CIRCUMFLEX ACCENT;
XK_underscore;0x005f;95;005F;_;LOW LINE;
XK_underbar;0x0bc6;95;005F;_;LOW LINE)*/;
XK_grave;0x0060;96;0060;`;GRAVE ACCENT;
XK_a;0x0061;97;0061;a;LATIN SMALL LETTER A;
XK_b;0x0062;98;0062;b;LATIN SMALL LETTER B;
XK_c;0x0063;99;0063;c;LATIN SMALL LETTER C;
XK_d;0x0064;100;0064;d;LATIN SMALL LETTER D;
XK_e;0x0065;101;0065;e;LATIN SMALL LETTER E;
XK_f;0x0066;102;0066;f;LATIN SMALL LETTER F;
XK_g;0x0067;103;0067;g;LATIN SMALL LETTER G;
XK_h;0x0068;104;0068;h;LATIN SMALL LETTER H;
XK_i;0x0069;105;0069;i;LATIN SMALL LETTER I;
XK_j;0x006a;106;006A;j;LATIN SMALL LETTER J;
XK_k;0x006b;107;006B;k;LATIN SMALL LETTER K;
XK_l;0x006c;108;006C;l;LATIN SMALL LETTER L;
XK_m;0x006d;109;006D;m;LATIN SMALL LETTER M;
XK_n;0x006e;110;006E;n;LATIN SMALL LETTER N;
XK_o;0x006f;111;006F;o;LATIN SMALL LETTER O;
XK_p;0x0070;112;0070;p;LATIN SMALL LETTER P;
XK_q;0x0071;113;0071;q;LATIN SMALL LETTER Q;
XK_r;0x0072;114;0072;r;LATIN SMALL LETTER R;
XK_s;0x0073;115;0073;s;LATIN SMALL LETTER S;
XK_t;0x0074;116;0074;t;LATIN SMALL LETTER T;
XK_u;0x0075;117;0075;u;LATIN SMALL LETTER U;
XK_v;0x0076;118;0076;v;LATIN SMALL LETTER V;
XK_w;0x0077;119;0077;w;LATIN SMALL LETTER W;
XK_x;0x0078;120;0078;x;LATIN SMALL LETTER X;
XK_y;0x0079;121;0079;y;LATIN SMALL LETTER Y;
XK_z;0x007a;122;007A;z;LATIN SMALL LETTER Z;
XK_braceleft;0x007b;123;007B;{;LEFT CURLY BRACKET;
XK_bar;0x007c;124;007C;|;VERTICAL LINE;
XK_braceright;0x007d;125;007D;};RIGHT CURLY BRACKET;
XK_asciitilde;0x007e;126;007E;~;TILDE;
XK_nobreakspace;0x00a0;160;00A0; ;NO-BREAK SPACE;
XK_exclamdown;0x00a1;161;00A1;¡;INVERTED EXCLAMATION MARK;
XK_cent;0x00a2;162;00A2;¢;CENT SIGN;
XK_sterling;0x00a3;163;00A3;£;POUND SIGN;
XK_currency;0x00a4;164;00A4;¤;CURRENCY SIGN;
XK_yen;0x00a5;165;00A5;¥;YEN SIGN;
XK_brokenbar;0x00a6;166;00A6;¦;BROKEN BAR;
XK_section;0x00a7;167;00A7;§;SECTION SIGN;
XK_diaeresis;0x00a8;168;00A8;¨;DIAERESIS;
XK_copyright;0x00a9;169;00A9;©;COPYRIGHT SIGN;
XK_ordfeminine;0x00aa;170;00AA;ª;FEMININE ORDINAL INDICATOR;
XK_guillemotleft;0x00ab;171;00AB;«;LEFT-POINTING DOUBLE ANGLE QUOTATION MARK;
XK_notsign;0x00ac;172;00AC;¬;NOT SIGN;
XK_hyphen;0x00ad;173;00AD;­;SOFT HYPHEN;
XK_registered;0x00ae;174;00AE;®;REGISTERED SIGN;
XK_macron;0x00af;175;00AF;¯;MACRON;
XK_overbar;0x0bc0;175;00AF;¯;MACRON)*/;
XK_degree;0x00b0;176;00B0;°;DEGREE SIGN;
XK_plusminus;0x00b1;177;00B1;±;PLUS-MINUS SIGN;
XK_twosuperior;0x00b2;178;00B2;²;SUPERSCRIPT TWO;
XK_threesuperior;0x00b3;179;00B3;³;SUPERSCRIPT THREE;
XK_acute;0x00b4;180;00B4;´;ACUTE ACCENT;
XK_mu;0x00b5;181;00B5;µ;MICRO SIGN;
XK_paragraph;0x00b6;182;00B6;¶;PILCROW SIGN;
XK_periodcentered;0x00b7;183;00B7;·;MIDDLE DOT;
XK_cedilla;0x00b8;184;00B8;¸;CEDILLA;
XK_onesuperior;0x00b9;185;00B9;¹;SUPERSCRIPT ONE;
XK_masculine;0x00ba;186;00BA;º;MASCULINE ORDINAL INDICATOR;
XK_guillemotright;0x00bb;187;00BB;»;RIGHT-POINTING DOUBLE ANGLE QUOTATION MARK;
XK_onequarter;0x00bc;188;00BC;¼;VULGAR FRACTION ONE QUARTER;
XK_onehalf;0x00bd;189;00BD;½;VULGAR FRACTION ONE HALF;
XK_threequarters;0x00be;190;00BE;¾;VULGAR FRACTION THREE QUARTERS;
XK_questiondown;0x00bf;191;00BF;¿;INVERTED QUESTION MARK;
XK_Agrave;0x00c0;192;00C0;À;LATIN CAPITAL LETTER A WITH GRAVE;
XK_Aacute;0x00c1;193;00C1;Á;LATIN CAPITAL LETTER A WITH ACUTE;
XK_Acircumflex;0x00c2;194;00C2;Â;LATIN CAPITAL LETTER A WITH CIRCUMFLEX;
XK_Atilde;0x00c3;195;00C3;Ã;LATIN CAPITAL LETTER A WITH TILDE;
XK_Adiaeresis;0x00c4;196;00C4;Ä;LATIN CAPITAL LETTER A WITH DIAERESIS;
XK_Aring;0x00c5;197;00C5;Å;LATIN CAPITAL LETTER A WITH RING ABOVE;
XK_AE;0x00c6;198;00C6;Æ;LATIN CAPITAL LETTER AE;
XK_Ccedilla;0x00c7;199;00C7;Ç;LATIN CAPITAL LETTER C WITH CEDILLA;
XK_Egrave;0x00c8;200;00C8;È;LATIN CAPITAL LETTER E WITH GRAVE;
XK_Eacute;0x00c9;201;00C9;É;LATIN CAPITAL LETTER E WITH ACUTE;
XK_Ecircumflex;0x00ca;202;00CA;Ê;LATIN CAPITAL LETTER E WITH CIRCUMFLEX;
XK_Ediaeresis;0x00cb;203;00CB;Ë;LATIN CAPITAL LETTER E WITH DIAERESIS;
XK_Igrave;0x00cc;204;00CC;Ì;LATIN CAPITAL LETTER I WITH GRAVE;
XK_Iacute;0x00cd;205;00CD;Í;LATIN CAPITAL LETTER I WITH ACUTE;
XK_Icircumflex;0x00ce;206;00CE;Î;LATIN CAPITAL LETTER I WITH CIRCUMFLEX;
XK_Idiaeresis;0x00cf;207;00CF;Ï;LATIN CAPITAL LETTER I WITH DIAERESIS;
XK_ETH;0x00d0;208;00D0;Ð;LATIN CAPITAL LETTER ETH;
XK_Ntilde;0x00d1;209;00D1;Ñ;LATIN CAPITAL LETTER N WITH TILDE;
XK_Ograve;0x00d2;210;00D2;Ò;LATIN CAPITAL LETTER O WITH GRAVE;
XK_Oacute;0x00d3;211;00D3;Ó;LATIN CAPITAL LETTER O WITH ACUTE;
XK_Ocircumflex;0x00d4;212;00D4;Ô;LATIN CAPITAL LETTER O WITH CIRCUMFLEX;
XK_Otilde;0x00d5;213;00D5;Õ;LATIN CAPITAL LETTER O WITH TILDE;
XK_Odiaeresis;0x00d6;214;00D6;Ö;LATIN CAPITAL LETTER O WITH DIAERESIS;
XK_multiply;0x00d7;215;00D7;×;MULTIPLICATION SIGN;
XK_Oslash;0x00d8;216;00D8;Ø;LATIN CAPITAL LETTER O WITH STROKE;
XK_Ooblique;0x00d8;216;00D8;Ø;LATIN CAPITAL LETTER O WITH STROKE;
XK_Ugrave;0x00d9;217;00D9;Ù;LATIN CAPITAL LETTER U WITH GRAVE;
XK_Uacute;0x00da;218;00DA;Ú;LATIN CAPITAL LETTER U WITH ACUTE;
XK_Ucircumflex;0x00db;219;00DB;Û;LATIN CAPITAL LETTER U WITH CIRCUMFLEX;
XK_Udiaeresis;0x00dc;220;00DC;Ü;LATIN CAPITAL LETTER U WITH DIAERESIS;
XK_Yacute;0x00dd;221;00DD;Ý;LATIN CAPITAL LETTER Y WITH ACUTE;
XK_THORN;0x00de;222;00DE;Þ;LATIN CAPITAL LETTER THORN;
XK_ssharp;0x00df;223;00DF;ß;LATIN SMALL LETTER SHARP S;
XK_agrave;0x00e0;224;00E0;à;LATIN SMALL LETTER A WITH GRAVE;
XK_aacute;0x00e1;225;00E1;á;LATIN SMALL LETTER A WITH ACUTE;
XK_acircumflex;0x00e2;226;00E2;â;LATIN SMALL LETTER A WITH CIRCUMFLEX;
XK_atilde;0x00e3;227;00E3;ã;LATIN SMALL LETTER A WITH TILDE;
XK_adiaeresis;0x00e4;228;00E4;ä;LATIN SMALL LETTER A WITH DIAERESIS;
XK_aring;0x00e5;229;00E5;å;LATIN SMALL LETTER A WITH RING ABOVE;
XK_ae;0x00e6;230;00E6;æ;LATIN SMALL LETTER AE;
XK_ccedilla;0x00e7;231;00E7;ç;LATIN SMALL LETTER C WITH CEDILLA;
XK_egrave;0x00e8;232;00E8;è;LATIN SMALL LETTER E WITH GRAVE;
XK_eacute;0x00e9;233;00E9;é;LATIN SMALL LETTER E WITH ACUTE;
XK_ecircumflex;0x00ea;234;00EA;ê;LATIN SMALL LETTER E WITH CIRCUMFLEX;
XK_ediaeresis;0x00eb;235;00EB;ë;LATIN SMALL LETTER E WITH DIAERESIS;
XK_igrave;0x00ec;236;00EC;ì;LATIN SMALL LETTER I WITH GRAVE;
XK_iacute;0x00ed;237;00ED;í;LATIN SMALL LETTER I WITH ACUTE;
XK_icircumflex;0x00ee;238;00EE;î;LATIN SMALL LETTER I WITH CIRCUMFLEX;
XK_idiaeresis;0x00ef;239;00EF;ï;LATIN SMALL LETTER I WITH DIAERESIS;
XK_eth;0x00f0;240;00F0;ð;LATIN SMALL LETTER ETH;
XK_ntilde;0x00f1;241;00F1;ñ;LATIN SMALL LETTER N WITH TILDE;
XK_ograve;0x00f2;242;00F2;ò;LATIN SMALL LETTER O WITH GRAVE;
XK_oacute;0x00f3;243;00F3;ó;LATIN SMALL LETTER O WITH ACUTE;
XK_ocircumflex;0x00f4;244;00F4;ô;LATIN SMALL LETTER O WITH CIRCUMFLEX;
XK_otilde;0x00f5;245;00F5;õ;LATIN SMALL LETTER O WITH TILDE;
XK_odiaeresis;0x00f6;246;00F6;ö;LATIN SMALL LETTER O WITH DIAERESIS;
XK_division;0x00f7;247;00F7;÷;DIVISION SIGN;
XK_oslash;0x00f8;248;00F8;ø;LATIN SMALL LETTER O WITH STROKE;
XK_ooblique;0x00f8;248;00F8;ø;LATIN SMALL LETTER O WITH STROKE;
XK_ugrave;0x00f9;249;00F9;ù;LATIN SMALL LETTER U WITH GRAVE;
XK_uacute;0x00fa;250;00FA;ú;LATIN SMALL LETTER U WITH ACUTE;
XK_ucircumflex;0x00fb;251;00FB;û;LATIN SMALL LETTER U WITH CIRCUMFLEX;
XK_udiaeresis;0x00fc;252;00FC;ü;LATIN SMALL LETTER U WITH DIAERESIS;
XK_yacute;0x00fd;253;00FD;ý;LATIN SMALL LETTER Y WITH ACUTE;
XK_thorn;0x00fe;254;00FE;þ;LATIN SMALL LETTER THORN;
XK_ydiaeresis;0x00ff;255;00FF;ÿ;LATIN SMALL LETTER Y WITH DIAERESIS;
XK_Amacron;0x03c0;256;0100;Ā;LATIN CAPITAL LETTER A WITH MACRON;
XK_amacron;0x03e0;257;0101;ā;LATIN SMALL LETTER A WITH MACRON;
XK_Abreve;0x01c3;258;0102;Ă;LATIN CAPITAL LETTER A WITH BREVE;
XK_abreve;0x01e3;259;0103;ă;LATIN SMALL LETTER A WITH BREVE;
XK_Aogonek;0x01a1;260;0104;Ą;LATIN CAPITAL LETTER A WITH OGONEK;
XK_aogonek;0x01b1;261;0105;ą;LATIN SMALL LETTER A WITH OGONEK;
XK_Cacute;0x01c6;262;0106;Ć;LATIN CAPITAL LETTER C WITH ACUTE;
XK_cacute;0x01e6;263;0107;ć;LATIN SMALL LETTER C WITH ACUTE;
XK_Ccircumflex;0x02c6;264;0108;Ĉ;LATIN CAPITAL LETTER C WITH CIRCUMFLEX;
XK_ccircumflex;0x02e6;265;0109;ĉ;LATIN SMALL LETTER C WITH CIRCUMFLEX;
XK_Cabovedot;0x02c5;266;010A;Ċ;LATIN CAPITAL LETTER C WITH DOT ABOVE;
XK_cabovedot;0x02e5;267;010B;ċ;LATIN SMALL LETTER C WITH DOT ABOVE;
XK_Ccaron;0x01c8;268;010C;Č;LATIN CAPITAL LETTER C WITH CARON;
XK_ccaron;0x01e8;269;010D;č;LATIN SMALL LETTER C WITH CARON;
XK_Dcaron;0x01cf;270;010E;Ď;LATIN CAPITAL LETTER D WITH CARON;
XK_dcaron;0x01ef;271;010F;ď;LATIN SMALL LETTER D WITH CARON;
XK_Dstroke;0x01d0;272;0110;Đ;LATIN CAPITAL LETTER D WITH STROKE;
XK_dstroke;0x01f0;273;0111;đ;LATIN SMALL LETTER D WITH STROKE;
XK_Emacron;0x03aa;274;0112;Ē;LATIN CAPITAL LETTER E WITH MACRON;
XK_emacron;0x03ba;275;0113;ē;LATIN SMALL LETTER E WITH MACRON;
XK_Eabovedot;0x03cc;278;0116;Ė;LATIN CAPITAL LETTER E WITH DOT ABOVE;
XK_eabovedot;0x03ec;279;0117;ė;LATIN SMALL LETTER E WITH DOT ABOVE;
XK_Eogonek;0x01ca;280;0118;Ę;LATIN CAPITAL LETTER E WITH OGONEK;
XK_eogonek;0x01ea;281;0119;ę;LATIN SMALL LETTER E WITH OGONEK;
XK_Ecaron;0x01cc;282;011A;Ě;LATIN CAPITAL LETTER E WITH CARON;
XK_ecaron;0x01ec;283;011B;ě;LATIN SMALL LETTER E WITH CARON;
XK_Gcircumflex;0x02d8;284;011C;Ĝ;LATIN CAPITAL LETTER G WITH CIRCUMFLEX;
XK_gcircumflex;0x02f8;285;011D;ĝ;LATIN SMALL LETTER G WITH CIRCUMFLEX;
XK_Gbreve;0x02ab;286;011E;Ğ;LATIN CAPITAL LETTER G WITH BREVE;
XK_gbreve;0x02bb;287;011F;ğ;LATIN SMALL LETTER G WITH BREVE;
XK_Gabovedot;0x02d5;288;0120;Ġ;LATIN CAPITAL LETTER G WITH DOT ABOVE;
XK_gabovedot;0x02f5;289;0121;ġ;LATIN SMALL LETTER G WITH DOT ABOVE;
XK_Gcedilla;0x03ab;290;0122;Ģ;LATIN CAPITAL LETTER G WITH CEDILLA;
XK_gcedilla;0x03bb;291;0123;ģ;LATIN SMALL LETTER G WITH CEDILLA;
XK_Hcircumflex;0x02a6;292;0124;Ĥ;LATIN CAPITAL LETTER H WITH CIRCUMFLEX;
XK_hcircumflex;0x02b6;293;0125;ĥ;LATIN SMALL LETTER H WITH CIRCUMFLEX;
XK_Hstroke;0x02a1;294;0126;Ħ;LATIN CAPITAL LETTER H WITH STROKE;
XK_hstroke;0x02b1;295;0127;ħ;LATIN SMALL LETTER H WITH STROKE;
XK_Itilde;0x03a5;296;0128;Ĩ;LATIN CAPITAL LETTER I WITH TILDE;
XK_itilde;0x03b5;297;0129;ĩ;LATIN SMALL LETTER I WITH TILDE;
XK_Imacron;0x03cf;298;012A;Ī;LATIN CAPITAL LETTER I WITH MACRON;
XK_imacron;0x03ef;299;012B;ī;LATIN SMALL LETTER I WITH MACRON;
XK_Ibreve                     0x1;00012c;300;012C;Ĭ;LATIN CAPITAL LETTER I WITH BREVE;
XK_ibreve                     0x1;00012d;301;012D;ĭ;LATIN SMALL LETTER I WITH BREVE;
XK_Iogonek;0x03c7;302;012E;Į;LATIN CAPITAL LETTER I WITH OGONEK;
XK_iogonek;0x03e7;303;012F;į;LATIN SMALL LETTER I WITH OGONEK;
XK_Iabovedot;0x02a9;304;0130;İ;LATIN CAPITAL LETTER I WITH DOT ABOVE;
XK_idotless;0x02b9;305;0131;ı;LATIN SMALL LETTER DOTLESS I;
XK_Jcircumflex;0x02ac;308;0134;Ĵ;LATIN CAPITAL LETTER J WITH CIRCUMFLEX;
XK_jcircumflex;0x02bc;309;0135;ĵ;LATIN SMALL LETTER J WITH CIRCUMFLEX;
XK_Kcedilla;0x03d3;310;0136;Ķ;LATIN CAPITAL LETTER K WITH CEDILLA;
XK_kcedilla;0x03f3;311;0137;ķ;LATIN SMALL LETTER K WITH CEDILLA;
XK_kra;0x03a2;312;0138;ĸ;LATIN SMALL LETTER KRA;
XK_Lacute;0x01c5;313;0139;Ĺ;LATIN CAPITAL LETTER L WITH ACUTE;
XK_lacute;0x01e5;314;013A;ĺ;LATIN SMALL LETTER L WITH ACUTE;
XK_Lcedilla;0x03a6;315;013B;Ļ;LATIN CAPITAL LETTER L WITH CEDILLA;
XK_lcedilla;0x03b6;316;013C;ļ;LATIN SMALL LETTER L WITH CEDILLA;
XK_Lcaron;0x01a5;317;013D;Ľ;LATIN CAPITAL LETTER L WITH CARON;
XK_lcaron;0x01b5;318;013E;ľ;LATIN SMALL LETTER L WITH CARON;
XK_Lstroke;0x01a3;321;0141;Ł;LATIN CAPITAL LETTER L WITH STROKE;
XK_lstroke;0x01b3;322;0142;ł;LATIN SMALL LETTER L WITH STROKE;
XK_Nacute;0x01d1;323;0143;Ń;LATIN CAPITAL LETTER N WITH ACUTE;
XK_nacute;0x01f1;324;0144;ń;LATIN SMALL LETTER N WITH ACUTE;
XK_Ncedilla;0x03d1;325;0145;Ņ;LATIN CAPITAL LETTER N WITH CEDILLA;
XK_ncedilla;0x03f1;326;0146;ņ;LATIN SMALL LETTER N WITH CEDILLA;
XK_Ncaron;0x01d2;327;0147;Ň;LATIN CAPITAL LETTER N WITH CARON;
XK_ncaron;0x01f2;328;0148;ň;LATIN SMALL LETTER N WITH CARON;
XK_ENG;0x03bd;330;014A;Ŋ;LATIN CAPITAL LETTER ENG;
XK_eng;0x03bf;331;014B;ŋ;LATIN SMALL LETTER ENG;
XK_Omacron;0x03d2;332;014C;Ō;LATIN CAPITAL LETTER O WITH MACRON;
XK_omacron;0x03f2;333;014D;ō;LATIN SMALL LETTER O WITH MACRON;
XK_Odoubleacute;0x01d5;336;0150;Ő;LATIN CAPITAL LETTER O WITH DOUBLE ACUTE;
XK_odoubleacute;0x01f5;337;0151;ő;LATIN SMALL LETTER O WITH DOUBLE ACUTE;
XK_OE;0x13bc;338;0152;Œ;LATIN CAPITAL LIGATURE OE;
XK_oe;0x13bd;339;0153;œ;LATIN SMALL LIGATURE OE;
XK_Racute;0x01c0;340;0154;Ŕ;LATIN CAPITAL LETTER R WITH ACUTE;
XK_racute;0x01e0;341;0155;ŕ;LATIN SMALL LETTER R WITH ACUTE;
XK_Rcedilla;0x03a3;342;0156;Ŗ;LATIN CAPITAL LETTER R WITH CEDILLA;
XK_rcedilla;0x03b3;343;0157;ŗ;LATIN SMALL LETTER R WITH CEDILLA;
XK_Rcaron;0x01d8;344;0158;Ř;LATIN CAPITAL LETTER R WITH CARON;
XK_rcaron;0x01f8;345;0159;ř;LATIN SMALL LETTER R WITH CARON;
XK_Sacute;0x01a6;346;015A;Ś;LATIN CAPITAL LETTER S WITH ACUTE;
XK_sacute;0x01b6;347;015B;ś;LATIN SMALL LETTER S WITH ACUTE;
XK_Scircumflex;0x02de;348;015C;Ŝ;LATIN CAPITAL LETTER S WITH CIRCUMFLEX;
XK_scircumflex;0x02fe;349;015D;ŝ;LATIN SMALL LETTER S WITH CIRCUMFLEX;
XK_Scedilla;0x01aa;350;015E;Ş;LATIN CAPITAL LETTER S WITH CEDILLA;
XK_scedilla;0x01ba;351;015F;ş;LATIN SMALL LETTER S WITH CEDILLA;
XK_Scaron;0x01a9;352;0160;Š;LATIN CAPITAL LETTER S WITH CARON;
XK_scaron;0x01b9;353;0161;š;LATIN SMALL LETTER S WITH CARON;
XK_Tcedilla;0x01de;354;0162;Ţ;LATIN CAPITAL LETTER T WITH CEDILLA;
XK_tcedilla;0x01fe;355;0163;ţ;LATIN SMALL LETTER T WITH CEDILLA;
XK_Tcaron;0x01ab;356;0164;Ť;LATIN CAPITAL LETTER T WITH CARON;
XK_tcaron;0x01bb;357;0165;ť;LATIN SMALL LETTER T WITH CARON;
XK_Tslash;0x03ac;358;0166;Ŧ;LATIN CAPITAL LETTER T WITH STROKE;
XK_tslash;0x03bc;359;0167;ŧ;LATIN SMALL LETTER T WITH STROKE;
XK_Utilde;0x03dd;360;0168;Ũ;LATIN CAPITAL LETTER U WITH TILDE;
XK_utilde;0x03fd;361;0169;ũ;LATIN SMALL LETTER U WITH TILDE;
XK_Umacron;0x03de;362;016A;Ū;LATIN CAPITAL LETTER U WITH MACRON;
XK_umacron;0x03fe;363;016B;ū;LATIN SMALL LETTER U WITH MACRON;
XK_Ubreve;0x02dd;364;016C;Ŭ;LATIN CAPITAL LETTER U WITH BREVE;
XK_ubreve;0x02fd;365;016D;ŭ;LATIN SMALL LETTER U WITH BREVE;
XK_Uring;0x01d9;366;016E;Ů;LATIN CAPITAL LETTER U WITH RING ABOVE;
XK_uring;0x01f9;367;016F;ů;LATIN SMALL LETTER U WITH RING ABOVE;
XK_Udoubleacute;0x01db;368;0170;Ű;LATIN CAPITAL LETTER U WITH DOUBLE ACUTE;
XK_udoubleacute;0x01fb;369;0171;ű;LATIN SMALL LETTER U WITH DOUBLE ACUTE;
XK_Uogonek;0x03d9;370;0172;Ų;LATIN CAPITAL LETTER U WITH OGONEK;
XK_uogonek;0x03f9;371;0173;ų;LATIN SMALL LETTER U WITH OGONEK;
XK_Wcircumflex                0x1;000174;372;0174;Ŵ;LATIN CAPITAL LETTER W WITH CIRCUMFLEX;
XK_wcircumflex                0x1;000175;373;0175;ŵ;LATIN SMALL LETTER W WITH CIRCUMFLEX;
XK_Ycircumflex                0x1;000176;374;0176;Ŷ;LATIN CAPITAL LETTER Y WITH CIRCUMFLEX;
XK_ycircumflex                0x1;000177;375;0177;ŷ;LATIN SMALL LETTER Y WITH CIRCUMFLEX;
XK_Ydiaeresis;0x13be;376;0178;Ÿ;LATIN CAPITAL LETTER Y WITH DIAERESIS;
XK_Zacute;0x01ac;377;0179;Ź;LATIN CAPITAL LETTER Z WITH ACUTE;
XK_zacute;0x01bc;378;017A;ź;LATIN SMALL LETTER Z WITH ACUTE;
XK_Zabovedot;0x01af;379;017B;Ż;LATIN CAPITAL LETTER Z WITH DOT ABOVE;
XK_zabovedot;0x01bf;380;017C;ż;LATIN SMALL LETTER Z WITH DOT ABOVE;
XK_Zcaron;0x01ae;381;017D;Ž;LATIN CAPITAL LETTER Z WITH CARON;
XK_zcaron;0x01be;382;017E;ž;LATIN SMALL LETTER Z WITH CARON;
XK_SCHWA                      0x1;00018f;399;018F;Ə;LATIN CAPITAL LETTER SCHWA;
XK_function;0x08f6;402;0192;ƒ;LATIN SMALL LETTER F WITH HOOK;
XK_Obarred                    0x1;00019f;415;019F;Ɵ;LATIN CAPITAL LETTER O WITH MIDDLE TILDE;
XK_Ohorn                      0x1;0001a0;416;01A0;Ơ;LATIN CAPITAL LETTER O WITH HORN;
XK_ohorn                      0x1;0001a1;417;01A1;ơ;LATIN SMALL LETTER O WITH HORN;
XK_Uhorn                      0x1;0001af;431;01AF;Ư;LATIN CAPITAL LETTER U WITH HORN;
XK_uhorn                      0x1;0001b0;432;01B0;ư;LATIN SMALL LETTER U WITH HORN;
XK_Zstroke                    0x1;0001b5;437;01B5;Ƶ;LATIN CAPITAL LETTER Z WITH STROKE;
XK_zstroke                    0x1;0001b6;438;01B6;ƶ;LATIN SMALL LETTER Z WITH STROKE;
XK_Ocaron                     0x1;0001d1;466;01D2;ǒ;LATIN CAPITAL LETTER O WITH CARON;
XK_ocaron                     0x1;0001d2;466;01D2;ǒ;LATIN SMALL LETTER O WITH CARON;
XK_Gcaron                     0x1;0001e6;486;01E6;Ǧ;LATIN CAPITAL LETTER G WITH CARON;
XK_gcaron                     0x1;0001e7;487;01E7;ǧ;LATIN SMALL LETTER G WITH CARON;
XK_schwa                      0x1;000259;601;0259;ə;LATIN SMALL LETTER SCHWA;
XK_obarred                    0x1;000275;629;0275;ɵ;LATIN SMALL LETTER BARRED O;
XK_caron;0x01b7;711;02C7;ˇ;CARON;
XK_breve;0x01a2;728;02D8;˘;BREVE;
XK_abovedot;0x01ff;729;02D9;˙;DOT ABOVE;
XK_ogonek;0x01b2;731;02DB;˛;OGONEK;
XK_doubleacute;0x01bd;733;02DD;˝;DOUBLE ACUTE ACCENT;
XK_Greek_accentdieresis;0x07ae;901;0385;΅;GREEK DIALYTIKA TONOS;
XK_Greek_ALPHAaccent;0x07a1;902;0386;Ά;GREEK CAPITAL LETTER ALPHA WITH TONOS;
XK_Greek_EPSILONaccent;0x07a2;904;0388;Έ;GREEK CAPITAL LETTER EPSILON WITH TONOS;
XK_Greek_ETAaccent;0x07a3;905;0389;Ή;GREEK CAPITAL LETTER ETA WITH TONOS;
XK_Greek_IOTAaccent;0x07a4;906;038A;Ί;GREEK CAPITAL LETTER IOTA WITH TONOS;
XK_Greek_OMICRONaccent;0x07a7;908;038C;Ό;GREEK CAPITAL LETTER OMICRON WITH TONOS;
XK_Greek_UPSILONaccent;0x07a8;910;038E;Ύ;GREEK CAPITAL LETTER UPSILON WITH TONOS;
XK_Greek_OMEGAaccent;0x07ab;911;038F;Ώ;GREEK CAPITAL LETTER OMEGA WITH TONOS;
XK_Greek_iotaaccentdieresis;0x07b6;912;0390;ΐ;GREEK SMALL LETTER IOTA WITH DIALYTIKA AND TONOS;
XK_Greek_ALPHA;0x07c1;913;0391;Α;GREEK CAPITAL LETTER ALPHA;
XK_Greek_BETA;0x07c2;914;0392;Β;GREEK CAPITAL LETTER BETA;
XK_Greek_GAMMA;0x07c3;915;0393;Γ;GREEK CAPITAL LETTER GAMMA;
XK_Greek_DELTA;0x07c4;916;0394;Δ;GREEK CAPITAL LETTER DELTA;
XK_Greek_EPSILON;0x07c5;917;0395;Ε;GREEK CAPITAL LETTER EPSILON;
XK_Greek_ZETA;0x07c6;918;0396;Ζ;GREEK CAPITAL LETTER ZETA;
XK_Greek_ETA;0x07c7;919;0397;Η;GREEK CAPITAL LETTER ETA;
XK_Greek_THETA;0x07c8;920;0398;Θ;GREEK CAPITAL LETTER THETA;
XK_Greek_IOTA;0x07c9;921;0399;Ι;GREEK CAPITAL LETTER IOTA;
XK_Greek_KAPPA;0x07ca;922;039A;Κ;GREEK CAPITAL LETTER KAPPA;
XK_Greek_LAMDA;0x07cb;923;039B;Λ;GREEK CAPITAL LETTER LAMDA;
XK_Greek_LAMBDA;0x07cb;923;039B;Λ;GREEK CAPITAL LETTER LAMDA;
XK_Greek_MU;0x07cc;924;039C;Μ;GREEK CAPITAL LETTER MU;
XK_Greek_NU;0x07cd;925;039D;Ν;GREEK CAPITAL LETTER NU;
XK_Greek_XI;0x07ce;926;039E;Ξ;GREEK CAPITAL LETTER XI;
XK_Greek_OMICRON;0x07cf;927;039F;Ο;GREEK CAPITAL LETTER OMICRON;
XK_Greek_PI;0x07d0;928;03A0;Π;GREEK CAPITAL LETTER PI;
XK_Greek_RHO;0x07d1;929;03A1;Ρ;GREEK CAPITAL LETTER RHO;
XK_Greek_SIGMA;0x07d2;931;03A3;Σ;GREEK CAPITAL LETTER SIGMA;
XK_Greek_TAU;0x07d4;932;03A4;Τ;GREEK CAPITAL LETTER TAU;
XK_Greek_UPSILON;0x07d5;933;03A5;Υ;GREEK CAPITAL LETTER UPSILON;
XK_Greek_PHI;0x07d6;934;03A6;Φ;GREEK CAPITAL LETTER PHI;
XK_Greek_CHI;0x07d7;935;03A7;Χ;GREEK CAPITAL LETTER CHI;
XK_Greek_PSI;0x07d8;936;03A8;Ψ;GREEK CAPITAL LETTER PSI;
XK_Greek_OMEGA;0x07d9;937;03A9;Ω;GREEK CAPITAL LETTER OMEGA;
XK_Greek_IOTAdieresis;0x07a5;938;03AA;Ϊ;GREEK CAPITAL LETTER IOTA WITH DIALYTIKA;
XK_Greek_UPSILONdieresis;0x07a9;939;03AB;Ϋ;GREEK CAPITAL LETTER UPSILON WITH DIALYTIKA;
XK_Greek_alphaaccent;0x07b1;940;03AC;ά;GREEK SMALL LETTER ALPHA WITH TONOS;
XK_Greek_epsilonaccent;0x07b2;941;03AD;έ;GREEK SMALL LETTER EPSILON WITH TONOS;
XK_Greek_etaaccent;0x07b3;942;03AE;ή;GREEK SMALL LETTER ETA WITH TONOS;
XK_Greek_iotaaccent;0x07b4;943;03AF;ί;GREEK SMALL LETTER IOTA WITH TONOS;
XK_Greek_upsilonaccentdieresis;0x07ba;944;03B0;ΰ;GREEK SMALL LETTER UPSILON WITH DIALYTIKA AND TONOS;
XK_Greek_alpha;0x07e1;945;03B1;α;GREEK SMALL LETTER ALPHA;
XK_Greek_beta;0x07e2;946;03B2;β;GREEK SMALL LETTER BETA;
XK_Greek_gamma;0x07e3;947;03B3;γ;GREEK SMALL LETTER GAMMA;
XK_Greek_delta;0x07e4;948;03B4;δ;GREEK SMALL LETTER DELTA;
XK_Greek_epsilon;0x07e5;949;03B5;ε;GREEK SMALL LETTER EPSILON;
XK_Greek_zeta;0x07e6;950;03B6;ζ;GREEK SMALL LETTER ZETA;
XK_Greek_eta;0x07e7;951;03B7;η;GREEK SMALL LETTER ETA;
XK_Greek_theta;0x07e8;952;03B8;θ;GREEK SMALL LETTER THETA;
XK_Greek_iota;0x07e9;953;03B9;ι;GREEK SMALL LETTER IOTA;
XK_Greek_kappa;0x07ea;954;03BA;κ;GREEK SMALL LETTER KAPPA;
XK_Greek_lamda;0x07eb;955;03BB;λ;GREEK SMALL LETTER LAMDA;
XK_Greek_lambda;0x07eb;955;03BB;λ;GREEK SMALL LETTER LAMDA;
XK_Greek_mu;0x07ec;956;03BC;μ;GREEK SMALL LETTER MU;
XK_Greek_nu;0x07ed;957;03BD;ν;GREEK SMALL LETTER NU;
XK_Greek_xi;0x07ee;958;03BE;ξ;GREEK SMALL LETTER XI;
XK_Greek_omicron;0x07ef;959;03BF;ο;GREEK SMALL LETTER OMICRON;
XK_Greek_pi;0x07f0;960;03C0;π;GREEK SMALL LETTER PI;
XK_Greek_rho;0x07f1;961;03C1;ρ;GREEK SMALL LETTER RHO;
XK_Greek_finalsmallsigma;0x07f3;962;03C2;ς;GREEK SMALL LETTER FINAL SIGMA;
XK_Greek_sigma;0x07f2;963;03C3;σ;GREEK SMALL LETTER SIGMA;
XK_Greek_tau;0x07f4;964;03C4;τ;GREEK SMALL LETTER TAU;
XK_Greek_upsilon;0x07f5;965;03C5;υ;GREEK SMALL LETTER UPSILON;
XK_Greek_phi;0x07f6;966;03C6;φ;GREEK SMALL LETTER PHI;
XK_Greek_chi;0x07f7;967;03C7;χ;GREEK SMALL LETTER CHI;
XK_Greek_psi;0x07f8;968;03C8;ψ;GREEK SMALL LETTER PSI;
XK_Greek_omega;0x07f9;969;03C9;ω;GREEK SMALL LETTER OMEGA;
XK_Greek_iotadieresis;0x07b5;970;03CA;ϊ;GREEK SMALL LETTER IOTA WITH DIALYTIKA;
XK_Greek_upsilondieresis;0x07b9;971;03CB;ϋ;GREEK SMALL LETTER UPSILON WITH DIALYTIKA;
XK_Greek_omicronaccent;0x07b7;972;03CC;ό;GREEK SMALL LETTER OMICRON WITH TONOS;
XK_Greek_upsilonaccent;0x07b8;973;03CD;ύ;GREEK SMALL LETTER UPSILON WITH TONOS;
XK_Greek_omegaaccent;0x07bb;974;03CE;ώ;GREEK SMALL LETTER OMEGA WITH TONOS;
XK_Cyrillic_IO;0x06b3;1025;0401;Ё;CYRILLIC CAPITAL LETTER IO;
XK_Serbian_DJE;0x06b1;1026;0402;Ђ;CYRILLIC CAPITAL LETTER DJE;
XK_Macedonia_GJE;0x06b2;1027;0403;Ѓ;CYRILLIC CAPITAL LETTER GJE;
XK_Ukrainian_IE;0x06b4;1028;0404;Є;CYRILLIC CAPITAL LETTER UKRAINIAN IE;
XK_Macedonia_DSE;0x06b5;1029;0405;Ѕ;CYRILLIC CAPITAL LETTER DZE;
XK_Ukrainian_I;0x06b6;1030;0406;І;CYRILLIC CAPITAL LETTER BYELORUSSIAN-UKRAINIAN I;
XK_Ukrainian_YI;0x06b7;1031;0407;Ї;CYRILLIC CAPITAL LETTER YI;
XK_Cyrillic_JE;0x06b8;1032;0408;Ј;CYRILLIC CAPITAL LETTER JE;
XK_Cyrillic_LJE;0x06b9;1033;0409;Љ;CYRILLIC CAPITAL LETTER LJE;
XK_Cyrillic_NJE;0x06ba;1034;040A;Њ;CYRILLIC CAPITAL LETTER NJE;
XK_Serbian_TSHE;0x06bb;1035;040B;Ћ;CYRILLIC CAPITAL LETTER TSHE;
XK_Macedonia_KJE;0x06bc;1036;040C;Ќ;CYRILLIC CAPITAL LETTER KJE;
XK_Byelorussian_SHORTU;0x06be;1038;040E;Ў;CYRILLIC CAPITAL LETTER SHORT U;
XK_Cyrillic_DZHE;0x06bf;1039;040F;Џ;CYRILLIC CAPITAL LETTER DZHE;
XK_Cyrillic_A;0x06e1;1040;0410;А;CYRILLIC CAPITAL LETTER A;
XK_Cyrillic_BE;0x06e2;1041;0411;Б;CYRILLIC CAPITAL LETTER BE;
XK_Cyrillic_VE;0x06f7;1042;0412;В;CYRILLIC CAPITAL LETTER VE;
XK_Cyrillic_GHE;0x06e7;1043;0413;Г;CYRILLIC CAPITAL LETTER GHE;
XK_Cyrillic_DE;0x06e4;1044;0414;Д;CYRILLIC CAPITAL LETTER DE;
XK_Cyrillic_IE;0x06e5;1045;0415;Е;CYRILLIC CAPITAL LETTER IE;
XK_Cyrillic_ZHE;0x06f6;1046;0416;Ж;CYRILLIC CAPITAL LETTER ZHE;
XK_Cyrillic_ZE;0x06fa;1047;0417;З;CYRILLIC CAPITAL LETTER ZE;
XK_Cyrillic_I;0x06e9;1048;0418;И;CYRILLIC CAPITAL LETTER I;
XK_Cyrillic_SHORTI;0x06ea;1049;0419;Й;CYRILLIC CAPITAL LETTER SHORT I;
XK_Cyrillic_KA;0x06eb;1050;041A;К;CYRILLIC CAPITAL LETTER KA;
XK_Cyrillic_EL;0x06ec;1051;041B;Л;CYRILLIC CAPITAL LETTER EL;
XK_Cyrillic_EM;0x06ed;1052;041C;М;CYRILLIC CAPITAL LETTER EM;
XK_Cyrillic_EN;0x06ee;1053;041D;Н;CYRILLIC CAPITAL LETTER EN;
XK_Cyrillic_O;0x06ef;1054;041E;О;CYRILLIC CAPITAL LETTER O;
XK_Cyrillic_PE;0x06f0;1055;041F;П;CYRILLIC CAPITAL LETTER PE;
XK_Cyrillic_ER;0x06f2;1056;0420;Р;CYRILLIC CAPITAL LETTER ER;
XK_Cyrillic_ES;0x06f3;1057;0421;С;CYRILLIC CAPITAL LETTER ES;
XK_Cyrillic_TE;0x06f4;1058;0422;Т;CYRILLIC CAPITAL LETTER TE;
XK_Cyrillic_U;0x06f5;1059;0423;У;CYRILLIC CAPITAL LETTER U;
XK_Cyrillic_EF;0x06e6;1060;0424;Ф;CYRILLIC CAPITAL LETTER EF;
XK_Cyrillic_HA;0x06e8;1061;0425;Х;CYRILLIC CAPITAL LETTER HA;
XK_Cyrillic_TSE;0x06e3;1062;0426;Ц;CYRILLIC CAPITAL LETTER TSE;
XK_Cyrillic_CHE;0x06fe;1063;0427;Ч;CYRILLIC CAPITAL LETTER CHE;
XK_Cyrillic_SHA;0x06fb;1064;0428;Ш;CYRILLIC CAPITAL LETTER SHA;
XK_Cyrillic_SHCHA;0x06fd;1065;0429;Щ;CYRILLIC CAPITAL LETTER SHCHA;
XK_Cyrillic_HARDSIGN;0x06ff;1066;042A;Ъ;CYRILLIC CAPITAL LETTER HARD SIGN;
XK_Cyrillic_YERU;0x06f9;1067;042B;Ы;CYRILLIC CAPITAL LETTER YERU;
XK_Cyrillic_SOFTSIGN;0x06f8;1068;042C;Ь;CYRILLIC CAPITAL LETTER SOFT SIGN;
XK_Cyrillic_E;0x06fc;1069;042D;Э;CYRILLIC CAPITAL LETTER E;
XK_Cyrillic_YU;0x06e0;1070;042E;Ю;CYRILLIC CAPITAL LETTER YU;
XK_Cyrillic_YA;0x06f1;1071;042F;Я;CYRILLIC CAPITAL LETTER YA;
XK_Cyrillic_a;0x06c1;1072;0430;а;CYRILLIC SMALL LETTER A;
XK_Cyrillic_be;0x06c2;1073;0431;б;CYRILLIC SMALL LETTER BE;
XK_Cyrillic_ve;0x06d7;1074;0432;в;CYRILLIC SMALL LETTER VE;
XK_Cyrillic_ghe;0x06c7;1075;0433;г;CYRILLIC SMALL LETTER GHE;
XK_Cyrillic_de;0x06c4;1076;0434;д;CYRILLIC SMALL LETTER DE;
XK_Cyrillic_ie;0x06c5;1077;0435;е;CYRILLIC SMALL LETTER IE;
XK_Cyrillic_zhe;0x06d6;1078;0436;ж;CYRILLIC SMALL LETTER ZHE;
XK_Cyrillic_ze;0x06da;1079;0437;з;CYRILLIC SMALL LETTER ZE;
XK_Cyrillic_i;0x06c9;1080;0438;и;CYRILLIC SMALL LETTER I;
XK_Cyrillic_shorti;0x06ca;1081;0439;й;CYRILLIC SMALL LETTER SHORT I;
XK_Cyrillic_ka;0x06cb;1082;043A;к;CYRILLIC SMALL LETTER KA;
XK_Cyrillic_el;0x06cc;1083;043B;л;CYRILLIC SMALL LETTER EL;
XK_Cyrillic_em;0x06cd;1084;043C;м;CYRILLIC SMALL LETTER EM;
XK_Cyrillic_en;0x06ce;1085;043D;н;CYRILLIC SMALL LETTER EN;
XK_Cyrillic_o;0x06cf;1086;043E;о;CYRILLIC SMALL LETTER O;
XK_Cyrillic_pe;0x06d0;1087;043F;п;CYRILLIC SMALL LETTER PE;
XK_Cyrillic_er;0x06d2;1088;0440;р;CYRILLIC SMALL LETTER ER;
XK_Cyrillic_es;0x06d3;1089;0441;с;CYRILLIC SMALL LETTER ES;
XK_Cyrillic_te;0x06d4;1090;0442;т;CYRILLIC SMALL LETTER TE;
XK_Cyrillic_u;0x06d5;1091;0443;у;CYRILLIC SMALL LETTER U;
XK_Cyrillic_ef;0x06c6;1092;0444;ф;CYRILLIC SMALL LETTER EF;
XK_Cyrillic_ha;0x06c8;1093;0445;х;CYRILLIC SMALL LETTER HA;
XK_Cyrillic_tse;0x06c3;1094;0446;ц;CYRILLIC SMALL LETTER TSE;
XK_Cyrillic_che;0x06de;1095;0447;ч;CYRILLIC SMALL LETTER CHE;
XK_Cyrillic_sha;0x06db;1096;0448;ш;CYRILLIC SMALL LETTER SHA;
XK_Cyrillic_shcha;0x06dd;1097;0449;щ;CYRILLIC SMALL LETTER SHCHA;
XK_Cyrillic_hardsign;0x06df;1098;044A;ъ;CYRILLIC SMALL LETTER HARD SIGN;
XK_Cyrillic_yeru;0x06d9;1099;044B;ы;CYRILLIC SMALL LETTER YERU;
XK_Cyrillic_softsign;0x06d8;1100;044C;ь;CYRILLIC SMALL LETTER SOFT SIGN;
XK_Cyrillic_e;0x06dc;1101;044D;э;CYRILLIC SMALL LETTER E;
XK_Cyrillic_yu;0x06c0;1102;044E;ю;CYRILLIC SMALL LETTER YU;
XK_Cyrillic_ya;0x06d1;1103;044F;я;CYRILLIC SMALL LETTER YA;
XK_Cyrillic_io;0x06a3;1105;0451;ё;CYRILLIC SMALL LETTER IO;
XK_Serbian_dje;0x06a1;1106;0452;ђ;CYRILLIC SMALL LETTER DJE;
XK_Macedonia_gje;0x06a2;1107;0453;ѓ;CYRILLIC SMALL LETTER GJE;
XK_Ukrainian_ie;0x06a4;1108;0454;є;CYRILLIC SMALL LETTER UKRAINIAN IE;
XK_Macedonia_dse;0x06a5;1109;0455;ѕ;CYRILLIC SMALL LETTER DZE;
XK_Ukrainian_i;0x06a6;1110;0456;і;CYRILLIC SMALL LETTER BYELORUSSIAN-UKRAINIAN I;
XK_Ukrainian_yi;0x06a7;1111;0457;ї;CYRILLIC SMALL LETTER YI;
XK_Cyrillic_je;0x06a8;1112;0458;ј;CYRILLIC SMALL LETTER JE;
XK_Cyrillic_lje;0x06a9;1113;0459;љ;CYRILLIC SMALL LETTER LJE;
XK_Cyrillic_nje;0x06aa;1114;045A;њ;CYRILLIC SMALL LETTER NJE;
XK_Serbian_tshe;0x06ab;1115;045B;ћ;CYRILLIC SMALL LETTER TSHE;
XK_Macedonia_kje;0x06ac;1116;045C;ќ;CYRILLIC SMALL LETTER KJE;
XK_Byelorussian_shortu;0x06ae;1118;045E;ў;CYRILLIC SMALL LETTER SHORT U;
XK_Cyrillic_dzhe;0x06af;1119;045F;џ;CYRILLIC SMALL LETTER DZHE;
XK_Ukrainian_GHE_WITH_UPTURN;0x06bd;1168;0490;Ґ;CYRILLIC CAPITAL LETTER GHE WITH UPTURN;
XK_Ukrainian_ghe_with_upturn;0x06ad;1169;0491;ґ;CYRILLIC SMALL LETTER GHE WITH UPTURN;
XK_Cyrillic_GHE_bar           0x1;000492;1170;0492;Ғ;CYRILLIC CAPITAL LETTER GHE WITH STROKE;
XK_Cyrillic_ghe_bar           0x1;000493;1171;0493;ғ;CYRILLIC SMALL LETTER GHE WITH STROKE;
XK_Cyrillic_ZHE_descender     0x1;000496;1174;0496;Җ;CYRILLIC CAPITAL LETTER ZHE WITH DESCENDER;
XK_Cyrillic_zhe_descender     0x1;000497;1175;0497;җ;CYRILLIC SMALL LETTER ZHE WITH DESCENDER;
XK_Cyrillic_KA_descender      0x1;00049a;1178;049A;Қ;CYRILLIC CAPITAL LETTER KA WITH DESCENDER;
XK_Cyrillic_ka_descender      0x1;00049b;1179;049B;қ;CYRILLIC SMALL LETTER KA WITH DESCENDER;
XK_Cyrillic_KA_vertstroke     0x1;00049c;1180;049C;Ҝ;CYRILLIC CAPITAL LETTER KA WITH VERTICAL STROKE;
XK_Cyrillic_ka_vertstroke     0x1;00049d;1181;049D;ҝ;CYRILLIC SMALL LETTER KA WITH VERTICAL STROKE;
XK_Cyrillic_EN_descender      0x1;0004a2;1186;04A2;Ң;CYRILLIC CAPITAL LETTER EN WITH DESCENDER;
XK_Cyrillic_en_descender      0x1;0004a3;1187;04A3;ң;CYRILLIC SMALL LETTER EN WITH DESCENDER;
XK_Cyrillic_U_straight        0x1;0004ae;1198;04AE;Ү;CYRILLIC CAPITAL LETTER STRAIGHT U;
XK_Cyrillic_u_straight        0x1;0004af;1199;04AF;ү;CYRILLIC SMALL LETTER STRAIGHT U;
XK_Cyrillic_U_straight_bar    0x1;0004b0;1200;04B0;Ұ;CYRILLIC CAPITAL LETTER STRAIGHT U WITH STROKE;
XK_Cyrillic_u_straight_bar    0x1;0004b1;1201;04B1;ұ;CYRILLIC SMALL LETTER STRAIGHT U WITH STROKE;
XK_Cyrillic_HA_descender      0x1;0004b2;1202;04B2;Ҳ;CYRILLIC CAPITAL LETTER HA WITH DESCENDER;
XK_Cyrillic_ha_descender      0x1;0004b3;1203;04B3;ҳ;CYRILLIC SMALL LETTER HA WITH DESCENDER;
XK_Cyrillic_CHE_descender     0x1;0004b6;1206;04B6;Ҷ;CYRILLIC CAPITAL LETTER CHE WITH DESCENDER;
XK_Cyrillic_che_descender     0x1;0004b7;1207;04B7;ҷ;CYRILLIC SMALL LETTER CHE WITH DESCENDER;
XK_Cyrillic_CHE_vertstroke    0x1;0004b8;1208;04B8;Ҹ;CYRILLIC CAPITAL LETTER CHE WITH VERTICAL STROKE;
XK_Cyrillic_che_vertstroke    0x1;0004b9;1209;04B9;ҹ;CYRILLIC SMALL LETTER CHE WITH VERTICAL STROKE;
XK_Cyrillic_SHHA              0x1;0004ba;1210;04BA;Һ;CYRILLIC CAPITAL LETTER SHHA;
XK_Cyrillic_shha              0x1;0004bb;1211;04BB;һ;CYRILLIC SMALL LETTER SHHA;
XK_Cyrillic_SCHWA             0x1;0004d8;1240;04D8;Ә;CYRILLIC CAPITAL LETTER SCHWA;
XK_Cyrillic_schwa             0x1;0004d9;1241;04D9;ә;CYRILLIC SMALL LETTER SCHWA;
XK_Cyrillic_I_macron          0x1;0004e2;1250;04E2;Ӣ;CYRILLIC CAPITAL LETTER I WITH MACRON;
XK_Cyrillic_i_macron          0x1;0004e3;1251;04E3;ӣ;CYRILLIC SMALL LETTER I WITH MACRON;
XK_Cyrillic_O_bar             0x1;0004e8;1256;04E8;Ө;CYRILLIC CAPITAL LETTER BARRED O;
XK_Cyrillic_o_bar             0x1;0004e9;1257;04E9;ө;CYRILLIC SMALL LETTER BARRED O;
XK_Cyrillic_U_macron          0x1;0004ee;1262;04EE;Ӯ;CYRILLIC CAPITAL LETTER U WITH MACRON;
XK_Cyrillic_u_macron          0x1;0004ef;1263;04EF;ӯ;CYRILLIC SMALL LETTER U WITH MACRON;
XK_Armenian_AYB               0x1;000531;1329;0531;Ա;ARMENIAN CAPITAL LETTER AYB;
XK_Armenian_BEN               0x1;000532;1330;0532;Բ;ARMENIAN CAPITAL LETTER BEN;
XK_Armenian_GIM               0x1;000533;1331;0533;Գ;ARMENIAN CAPITAL LETTER GIM;
XK_Armenian_DA                0x1;000534;1332;0534;Դ;ARMENIAN CAPITAL LETTER DA;
XK_Armenian_YECH              0x1;000535;1333;0535;Ե;ARMENIAN CAPITAL LETTER ECH;
XK_Armenian_ZA                0x1;000536;1334;0536;Զ;ARMENIAN CAPITAL LETTER ZA;
XK_Armenian_E                 0x1;000537;1335;0537;Է;ARMENIAN CAPITAL LETTER EH;
XK_Armenian_AT                0x1;000538;1336;0538;Ը;ARMENIAN CAPITAL LETTER ET;
XK_Armenian_TO                0x1;000539;1337;0539;Թ;ARMENIAN CAPITAL LETTER TO;
XK_Armenian_ZHE               0x1;00053a;1338;053A;Ժ;ARMENIAN CAPITAL LETTER ZHE;
XK_Armenian_INI               0x1;00053b;1339;053B;Ի;ARMENIAN CAPITAL LETTER INI;
XK_Armenian_LYUN              0x1;00053c;1340;053C;Լ;ARMENIAN CAPITAL LETTER LIWN;
XK_Armenian_KHE               0x1;00053d;1341;053D;Խ;ARMENIAN CAPITAL LETTER XEH;
XK_Armenian_TSA               0x1;00053e;1342;053E;Ծ;ARMENIAN CAPITAL LETTER CA;
XK_Armenian_KEN               0x1;00053f;1343;053F;Կ;ARMENIAN CAPITAL LETTER KEN;
XK_Armenian_HO                0x1;000540;1344;0540;Հ;ARMENIAN CAPITAL LETTER HO;
XK_Armenian_DZA               0x1;000541;1345;0541;Ձ;ARMENIAN CAPITAL LETTER JA;
XK_Armenian_GHAT              0x1;000542;1346;0542;Ղ;ARMENIAN CAPITAL LETTER GHAD;
XK_Armenian_TCHE              0x1;000543;1347;0543;Ճ;ARMENIAN CAPITAL LETTER CHEH;
XK_Armenian_MEN               0x1;000544;1348;0544;Մ;ARMENIAN CAPITAL LETTER MEN;
XK_Armenian_HI                0x1;000545;1349;0545;Յ;ARMENIAN CAPITAL LETTER YI;
XK_Armenian_NU                0x1;000546;1350;0546;Ն;ARMENIAN CAPITAL LETTER NOW;
XK_Armenian_SHA               0x1;000547;1351;0547;Շ;ARMENIAN CAPITAL LETTER SHA;
XK_Armenian_VO                0x1;000548;1352;0548;Ո;ARMENIAN CAPITAL LETTER VO;
XK_Armenian_CHA               0x1;000549;1353;0549;Չ;ARMENIAN CAPITAL LETTER CHA;
XK_Armenian_PE                0x1;00054a;1354;054A;Պ;ARMENIAN CAPITAL LETTER PEH;
XK_Armenian_JE                0x1;00054b;1355;054B;Ջ;ARMENIAN CAPITAL LETTER JHEH;
XK_Armenian_RA                0x1;00054c;1356;054C;Ռ;ARMENIAN CAPITAL LETTER RA;
XK_Armenian_SE                0x1;00054d;1357;054D;Ս;ARMENIAN CAPITAL LETTER SEH;
XK_Armenian_VEV               0x1;00054e;1358;054E;Վ;ARMENIAN CAPITAL LETTER VEW;
XK_Armenian_TYUN              0x1;00054f;1359;054F;Տ;ARMENIAN CAPITAL LETTER TIWN;
XK_Armenian_RE                0x1;000550;1360;0550;Ր;ARMENIAN CAPITAL LETTER REH;
XK_Armenian_TSO               0x1;000551;1361;0551;Ց;ARMENIAN CAPITAL LETTER CO;
XK_Armenian_VYUN              0x1;000552;1362;0552;Ւ;ARMENIAN CAPITAL LETTER YIWN;
XK_Armenian_PYUR              0x1;000553;1363;0553;Փ;ARMENIAN CAPITAL LETTER PIWR;
XK_Armenian_KE                0x1;000554;1364;0554;Ք;ARMENIAN CAPITAL LETTER KEH;
XK_Armenian_O                 0x1;000555;1365;0555;Օ;ARMENIAN CAPITAL LETTER OH;
XK_Armenian_FE                0x1;000556;1366;0556;Ֆ;ARMENIAN CAPITAL LETTER FEH;
XK_Armenian_apostrophe        0x1;00055a;1370;055A;՚;ARMENIAN APOSTROPHE;
XK_Armenian_accent            0x1;00055b;1371;055B;՛;ARMENIAN EMPHASIS MARK;
XK_Armenian_shesht            0x1;00055b;1371;055B;՛;ARMENIAN EMPHASIS MARK;
XK_Armenian_exclam            0x1;00055c;1372;055C;՜;ARMENIAN EXCLAMATION MARK;
XK_Armenian_amanak            0x1;00055c;1372;055C;՜;ARMENIAN EXCLAMATION MARK;
XK_Armenian_separation_mark   0x1;00055d;1373;055D;՝;ARMENIAN COMMA;
XK_Armenian_but               0x1;00055d;1373;055D;՝;ARMENIAN COMMA;
XK_Armenian_question          0x1;00055e;1374;055E;՞;ARMENIAN QUESTION MARK;
XK_Armenian_paruyk            0x1;00055e;1374;055E;՞;ARMENIAN QUESTION MARK;
XK_Armenian_ayb               0x1;000561;1377;0561;ա;ARMENIAN SMALL LETTER AYB;
XK_Armenian_ben               0x1;000562;1378;0562;բ;ARMENIAN SMALL LETTER BEN;
XK_Armenian_gim               0x1;000563;1379;0563;գ;ARMENIAN SMALL LETTER GIM;
XK_Armenian_da                0x1;000564;1380;0564;դ;ARMENIAN SMALL LETTER DA;
XK_Armenian_yech              0x1;000565;1381;0565;ե;ARMENIAN SMALL LETTER ECH;
XK_Armenian_za                0x1;000566;1382;0566;զ;ARMENIAN SMALL LETTER ZA;
XK_Armenian_e                 0x1;000567;1383;0567;է;ARMENIAN SMALL LETTER EH;
XK_Armenian_at                0x1;000568;1384;0568;ը;ARMENIAN SMALL LETTER ET;
XK_Armenian_to                0x1;000569;1385;0569;թ;ARMENIAN SMALL LETTER TO;
XK_Armenian_zhe               0x1;00056a;1386;056A;ժ;ARMENIAN SMALL LETTER ZHE;
XK_Armenian_ini               0x1;00056b;1387;056B;ի;ARMENIAN SMALL LETTER INI;
XK_Armenian_lyun              0x1;00056c;1388;056C;լ;ARMENIAN SMALL LETTER LIWN;
XK_Armenian_khe               0x1;00056d;1389;056D;խ;ARMENIAN SMALL LETTER XEH;
XK_Armenian_tsa               0x1;00056e;1390;056E;ծ;ARMENIAN SMALL LETTER CA;
XK_Armenian_ken               0x1;00056f;1391;056F;կ;ARMENIAN SMALL LETTER KEN;
XK_Armenian_ho                0x1;000570;1392;0570;հ;ARMENIAN SMALL LETTER HO;
XK_Armenian_dza               0x1;000571;1393;0571;ձ;ARMENIAN SMALL LETTER JA;
XK_Armenian_ghat              0x1;000572;1394;0572;ղ;ARMENIAN SMALL LETTER GHAD;
XK_Armenian_tche              0x1;000573;1395;0573;ճ;ARMENIAN SMALL LETTER CHEH;
XK_Armenian_men               0x1;000574;1396;0574;մ;ARMENIAN SMALL LETTER MEN;
XK_Armenian_hi                0x1;000575;1397;0575;յ;ARMENIAN SMALL LETTER YI;
XK_Armenian_nu                0x1;000576;1398;0576;ն;ARMENIAN SMALL LETTER NOW;
XK_Armenian_sha               0x1;000577;1399;0577;շ;ARMENIAN SMALL LETTER SHA;
XK_Armenian_vo                0x1;000578;1400;0578;ո;ARMENIAN SMALL LETTER VO;
XK_Armenian_cha               0x1;000579;1401;0579;չ;ARMENIAN SMALL LETTER CHA;
XK_Armenian_pe                0x1;00057a;1402;057A;պ;ARMENIAN SMALL LETTER PEH;
XK_Armenian_je                0x1;00057b;1403;057B;ջ;ARMENIAN SMALL LETTER JHEH;
XK_Armenian_ra                0x1;00057c;1404;057C;ռ;ARMENIAN SMALL LETTER RA;
XK_Armenian_se                0x1;00057d;1405;057D;ս;ARMENIAN SMALL LETTER SEH;
XK_Armenian_vev               0x1;00057e;1406;057E;վ;ARMENIAN SMALL LETTER VEW;
XK_Armenian_tyun              0x1;00057f;1407;057F;տ;ARMENIAN SMALL LETTER TIWN;
XK_Armenian_re                0x1;000580;1408;0580;ր;ARMENIAN SMALL LETTER REH;
XK_Armenian_tso               0x1;000581;1409;0581;ց;ARMENIAN SMALL LETTER CO;
XK_Armenian_vyun              0x1;000582;1410;0582;ւ;ARMENIAN SMALL LETTER YIWN;
XK_Armenian_pyur              0x1;000583;1411;0583;փ;ARMENIAN SMALL LETTER PIWR;
XK_Armenian_ke                0x1;000584;1412;0584;ք;ARMENIAN SMALL LETTER KEH;
XK_Armenian_o                 0x1;000585;1413;0585;օ;ARMENIAN SMALL LETTER OH;
XK_Armenian_fe                0x1;000586;1414;0586;ֆ;ARMENIAN SMALL LETTER FEH;
XK_Armenian_ligature_ew       0x1;000587;1415;0587;և;ARMENIAN SMALL LIGATURE ECH YIWN;
XK_Armenian_full_stop         0x1;000589;1417;0589;։;ARMENIAN FULL STOP;
XK_Armenian_verjaket          0x1;000589;1417;0589;։;ARMENIAN FULL STOP;
XK_Armenian_hyphen            0x1;00058a;1418;058A;֊;ARMENIAN HYPHEN;
XK_Armenian_yentamna          0x1;00058a;1418;058A;֊;ARMENIAN HYPHEN;
XK_hebrew_aleph;0x0ce0;1488;05D0;א;HEBREW LETTER ALEF;
XK_hebrew_bet;0x0ce1;1489;05D1;ב;HEBREW LETTER BET;
XK_hebrew_gimel;0x0ce2;1490;05D2;ג;HEBREW LETTER GIMEL;
XK_hebrew_dalet;0x0ce3;1491;05D3;ד;HEBREW LETTER DALET;
XK_hebrew_he;0x0ce4;1492;05D4;ה;HEBREW LETTER HE;
XK_hebrew_waw;0x0ce5;1493;05D5;ו;HEBREW LETTER VAV;
XK_hebrew_zain;0x0ce6;1494;05D6;ז;HEBREW LETTER ZAYIN;
XK_hebrew_chet;0x0ce7;1495;05D7;ח;HEBREW LETTER HET;
XK_hebrew_tet;0x0ce8;1496;05D8;ט;HEBREW LETTER TET;
XK_hebrew_yod;0x0ce9;1497;05D9;י;HEBREW LETTER YOD;
XK_hebrew_finalkaph;0x0cea;1498;05DA;ך;HEBREW LETTER FINAL KAF;
XK_hebrew_kaph;0x0ceb;1499;05DB;כ;HEBREW LETTER KAF;
XK_hebrew_lamed;0x0cec;1500;05DC;ל;HEBREW LETTER LAMED;
XK_hebrew_finalmem;0x0ced;1501;05DD;ם;HEBREW LETTER FINAL MEM;
XK_hebrew_mem;0x0cee;1502;05DE;מ;HEBREW LETTER MEM;
XK_hebrew_finalnun;0x0cef;1503;05DF;ן;HEBREW LETTER FINAL NUN;
XK_hebrew_nun;0x0cf0;1504;05E0;נ;HEBREW LETTER NUN;
XK_hebrew_samech;0x0cf1;1505;05E1;ס;HEBREW LETTER SAMEKH;
XK_hebrew_ayin;0x0cf2;1506;05E2;ע;HEBREW LETTER AYIN;
XK_hebrew_finalpe;0x0cf3;1507;05E3;ף;HEBREW LETTER FINAL PE;
XK_hebrew_pe;0x0cf4;1508;05E4;פ;HEBREW LETTER PE;
XK_hebrew_finalzade;0x0cf5;1509;05E5;ץ;HEBREW LETTER FINAL TSADI;
XK_hebrew_zade;0x0cf6;1510;05E6;צ;HEBREW LETTER TSADI;
XK_hebrew_qoph;0x0cf7;1511;05E7;ק;HEBREW LETTER QOF;
XK_hebrew_resh;0x0cf8;1512;05E8;ר;HEBREW LETTER RESH;
XK_hebrew_shin;0x0cf9;1513;05E9;ש;HEBREW LETTER SHIN;
XK_hebrew_taw;0x0cfa;1514;05EA;ת;HEBREW LETTER TAV;
XK_Arabic_comma;0x05ac;1548;060C;،;ARABIC COMMA;
XK_Arabic_semicolon;0x05bb;1563;061B;؛;ARABIC SEMICOLON;
XK_Arabic_question_mark;0x05bf;1567;061F;؟;ARABIC QUESTION MARK;
XK_Arabic_hamza;0x05c1;1569;0621;ء;ARABIC LETTER HAMZA;
XK_Arabic_maddaonalef;0x05c2;1570;0622;آ;ARABIC LETTER ALEF WITH MADDA ABOVE;
XK_Arabic_hamzaonalef;0x05c3;1571;0623;أ;ARABIC LETTER ALEF WITH HAMZA ABOVE;
XK_Arabic_hamzaonwaw;0x05c4;1572;0624;ؤ;ARABIC LETTER WAW WITH HAMZA ABOVE;
XK_Arabic_hamzaunderalef;0x05c5;1573;0625;إ;ARABIC LETTER ALEF WITH HAMZA BELOW;
XK_Arabic_hamzaonyeh;0x05c6;1574;0626;ئ;ARABIC LETTER YEH WITH HAMZA ABOVE;
XK_Arabic_alef;0x05c7;1575;0627;ا;ARABIC LETTER ALEF;
XK_Arabic_beh;0x05c8;1576;0628;ب;ARABIC LETTER BEH;
XK_Arabic_tehmarbuta;0x05c9;1577;0629;ة;ARABIC LETTER TEH MARBUTA;
XK_Arabic_teh;0x05ca;1578;062A;ت;ARABIC LETTER TEH;
XK_Arabic_theh;0x05cb;1579;062B;ث;ARABIC LETTER THEH;
XK_Arabic_jeem;0x05cc;1580;062C;ج;ARABIC LETTER JEEM;
XK_Arabic_hah;0x05cd;1581;062D;ح;ARABIC LETTER HAH;
XK_Arabic_khah;0x05ce;1582;062E;خ;ARABIC LETTER KHAH;
XK_Arabic_dal;0x05cf;1583;062F;د;ARABIC LETTER DAL;
XK_Arabic_thal;0x05d0;1584;0630;ذ;ARABIC LETTER THAL;
XK_Arabic_ra;0x05d1;1585;0631;ر;ARABIC LETTER REH;
XK_Arabic_zain;0x05d2;1586;0632;ز;ARABIC LETTER ZAIN;
XK_Arabic_seen;0x05d3;1587;0633;س;ARABIC LETTER SEEN;
XK_Arabic_sheen;0x05d4;1588;0634;ش;ARABIC LETTER SHEEN;
XK_Arabic_sad;0x05d5;1589;0635;ص;ARABIC LETTER SAD;
XK_Arabic_dad;0x05d6;1590;0636;ض;ARABIC LETTER DAD;
XK_Arabic_tah;0x05d7;1591;0637;ط;ARABIC LETTER TAH;
XK_Arabic_zah;0x05d8;1592;0638;ظ;ARABIC LETTER ZAH;
XK_Arabic_ain;0x05d9;1593;0639;ع;ARABIC LETTER AIN;
XK_Arabic_ghain;0x05da;1594;063A;غ;ARABIC LETTER GHAIN;
XK_Arabic_tatweel;0x05e0;1600;0640;ـ;ARABIC TATWEEL;
XK_Arabic_feh;0x05e1;1601;0641;ف;ARABIC LETTER FEH;
XK_Arabic_qaf;0x05e2;1602;0642;ق;ARABIC LETTER QAF;
XK_Arabic_kaf;0x05e3;1603;0643;ك;ARABIC LETTER KAF;
XK_Arabic_lam;0x05e4;1604;0644;ل;ARABIC LETTER LAM;
XK_Arabic_meem;0x05e5;1605;0645;م;ARABIC LETTER MEEM;
XK_Arabic_noon;0x05e6;1606;0646;ن;ARABIC LETTER NOON;
XK_Arabic_ha;0x05e7;1607;0647;ه;ARABIC LETTER HEH;
XK_Arabic_waw;0x05e8;1608;0648;و;ARABIC LETTER WAW;
XK_Arabic_alefmaksura;0x05e9;1609;0649;ى;ARABIC LETTER ALEF MAKSURA;
XK_Arabic_yeh;0x05ea;1610;064A;ي;ARABIC LETTER YEH;
XK_Arabic_fathatan;0x05eb;1611;064B;ً;ARABIC FATHATAN;
XK_Arabic_dammatan;0x05ec;1612;064C;ٌ;ARABIC DAMMATAN;
XK_Arabic_kasratan;0x05ed;1613;064D;ٍ;ARABIC KASRATAN;
XK_Arabic_fatha;0x05ee;1614;064E;َ;ARABIC FATHA;
XK_Arabic_damma;0x05ef;1615;064F;ُ;ARABIC DAMMA;
XK_Arabic_kasra;0x05f0;1616;0650;ِ;ARABIC KASRA;
XK_Arabic_shadda;0x05f1;1617;0651;ّ;ARABIC SHADDA;
XK_Arabic_sukun;0x05f2;1618;0652;ْ;ARABIC SUKUN;
XK_Arabic_madda_above         0x1;000653;1619;0653;ٓ;ARABIC MADDAH ABOVE;
XK_Arabic_hamza_above         0x1;000654;1620;0654;ٔ;ARABIC HAMZA ABOVE;
XK_Arabic_hamza_below         0x1;000655;1621;0655;ٕ;ARABIC HAMZA BELOW;
XK_Arabic_0                   0x1;000660;1632;0660;٠;ARABIC-INDIC DIGIT ZERO;
XK_Arabic_1                   0x1;000661;1633;0661;١;ARABIC-INDIC DIGIT ONE;
XK_Arabic_2                   0x1;000662;1634;0662;٢;ARABIC-INDIC DIGIT TWO;
XK_Arabic_3                   0x1;000663;1635;0663;٣;ARABIC-INDIC DIGIT THREE;
XK_Arabic_4                   0x1;000664;1636;0664;٤;ARABIC-INDIC DIGIT FOUR;
XK_Arabic_5                   0x1;000665;1637;0665;٥;ARABIC-INDIC DIGIT FIVE;
XK_Arabic_6                   0x1;000666;1638;0666;٦;ARABIC-INDIC DIGIT SIX;
XK_Arabic_7                   0x1;000667;1639;0667;٧;ARABIC-INDIC DIGIT SEVEN;
XK_Arabic_8                   0x1;000668;1640;0668;٨;ARABIC-INDIC DIGIT EIGHT;
XK_Arabic_9                   0x1;000669;1641;0669;٩;ARABIC-INDIC DIGIT NINE;
XK_Arabic_percent             0x1;00066a;1642;066A;٪;ARABIC PERCENT SIGN;
XK_Arabic_superscript_alef    0x1;000670;1648;0670;ٰ;ARABIC LETTER SUPERSCRIPT ALEF;
XK_Arabic_tteh                0x1;000679;1657;0679;ٹ;ARABIC LETTER TTEH;
XK_Arabic_peh                 0x1;00067e;1662;067E;پ;ARABIC LETTER PEH;
XK_Arabic_tcheh               0x1;000686;1670;0686;چ;ARABIC LETTER TCHEH;
XK_Arabic_ddal                0x1;000688;1672;0688;ڈ;ARABIC LETTER DDAL;
XK_Arabic_rreh                0x1;000691;1681;0691;ڑ;ARABIC LETTER RREH;
XK_Arabic_jeh                 0x1;000698;1688;0698;ژ;ARABIC LETTER JEH;
XK_Arabic_veh                 0x1;0006a4;1700;06A4;ڤ;ARABIC LETTER VEH;
XK_Arabic_keheh               0x1;0006a9;1705;06A9;ک;ARABIC LETTER KEHEH;
XK_Arabic_gaf                 0x1;0006af;1711;06AF;گ;ARABIC LETTER GAF;
XK_Arabic_noon_ghunna         0x1;0006ba;1722;06BA;ں;ARABIC LETTER NOON GHUNNA;
XK_Arabic_heh_doachashmee     0x1;0006be;1726;06BE;ھ;ARABIC LETTER HEH DOACHASHMEE;
XK_Arabic_heh_goal            0x1;0006c1;1729;06C1;ہ;ARABIC LETTER HEH GOAL;
XK_Farsi_yeh                  0x1;0006cc;1740;06CC;ی;ARABIC LETTER FARSI YEH;
XK_Arabic_farsi_yeh           0x1;0006cc;1740;06CC;ی;ARABIC LETTER FARSI YEH;
XK_Arabic_yeh_baree           0x1;0006d2;1746;06D2;ے;ARABIC LETTER YEH BARREE;
XK_Arabic_fullstop            0x1;0006d4;1748;06D4;۔;ARABIC FULL STOP;
XK_Farsi_0                    0x1;0006f0;1776;06F0;۰;EXTENDED ARABIC-INDIC DIGIT ZERO;
XK_Farsi_1                    0x1;0006f1;1777;06F1;۱;EXTENDED ARABIC-INDIC DIGIT ONE;
XK_Farsi_2                    0x1;0006f2;1778;06F2;۲;EXTENDED ARABIC-INDIC DIGIT TWO;
XK_Farsi_3                    0x1;0006f3;1779;06F3;۳;EXTENDED ARABIC-INDIC DIGIT THREE;
XK_Farsi_4                    0x1;0006f4;1780;06F4;۴;EXTENDED ARABIC-INDIC DIGIT FOUR;
XK_Farsi_5                    0x1;0006f5;1781;06F5;۵;EXTENDED ARABIC-INDIC DIGIT FIVE;
XK_Farsi_6                    0x1;0006f6;1782;06F6;۶;EXTENDED ARABIC-INDIC DIGIT SIX;
XK_Farsi_7                    0x1;0006f7;1783;06F7;۷;EXTENDED ARABIC-INDIC DIGIT SEVEN;
XK_Farsi_8                    0x1;0006f8;1784;06F8;۸;EXTENDED ARABIC-INDIC DIGIT EIGHT;
XK_Farsi_9                    0x1;0006f9;1785;06F9;۹;EXTENDED ARABIC-INDIC DIGIT NINE;
XK_Thai_kokai;0x0da1;3585;0E01;ก;THAI CHARACTER KO KAI;
XK_Thai_khokhai;0x0da2;3586;0E02;ข;THAI CHARACTER KHO KHAI;
XK_Thai_khokhuat;0x0da3;3587;0E03;ฃ;THAI CHARACTER KHO KHUAT;
XK_Thai_khokhwai;0x0da4;3588;0E04;ค;THAI CHARACTER KHO KHWAI;
XK_Thai_khokhon;0x0da5;3589;0E05;ฅ;THAI CHARACTER KHO KHON;
XK_Thai_khorakhang;0x0da6;3590;0E06;ฆ;THAI CHARACTER KHO RAKHANG;
XK_Thai_ngongu;0x0da7;3591;0E07;ง;THAI CHARACTER NGO NGU;
XK_Thai_chochan;0x0da8;3592;0E08;จ;THAI CHARACTER CHO CHAN;
XK_Thai_choching;0x0da9;3593;0E09;ฉ;THAI CHARACTER CHO CHING;
XK_Thai_chochang;0x0daa;3594;0E0A;ช;THAI CHARACTER CHO CHANG;
XK_Thai_soso;0x0dab;3595;0E0B;ซ;THAI CHARACTER SO SO;
XK_Thai_chochoe;0x0dac;3596;0E0C;ฌ;THAI CHARACTER CHO CHOE;
XK_Thai_yoying;0x0dad;3597;0E0D;ญ;THAI CHARACTER YO YING;
XK_Thai_dochada;0x0dae;3598;0E0E;ฎ;THAI CHARACTER DO CHADA;
XK_Thai_topatak;0x0daf;3599;0E0F;ฏ;THAI CHARACTER TO PATAK;
XK_Thai_thothan;0x0db0;3600;0E10;ฐ;THAI CHARACTER THO THAN;
XK_Thai_thonangmontho;0x0db1;3601;0E11;ฑ;THAI CHARACTER THO NANGMONTHO;
XK_Thai_thophuthao;0x0db2;3602;0E12;ฒ;THAI CHARACTER THO PHUTHAO;
XK_Thai_nonen;0x0db3;3603;0E13;ณ;THAI CHARACTER NO NEN;
XK_Thai_dodek;0x0db4;3604;0E14;ด;THAI CHARACTER DO DEK;
XK_Thai_totao;0x0db5;3605;0E15;ต;THAI CHARACTER TO TAO;
XK_Thai_thothung;0x0db6;3606;0E16;ถ;THAI CHARACTER THO THUNG;
XK_Thai_thothahan;0x0db7;3607;0E17;ท;THAI CHARACTER THO THAHAN;
XK_Thai_thothong;0x0db8;3608;0E18;ธ;THAI CHARACTER THO THONG;
XK_Thai_nonu;0x0db9;3609;0E19;น;THAI CHARACTER NO NU;
XK_Thai_bobaimai;0x0dba;3610;0E1A;บ;THAI CHARACTER BO BAIMAI;
XK_Thai_popla;0x0dbb;3611;0E1B;ป;THAI CHARACTER PO PLA;
XK_Thai_phophung;0x0dbc;3612;0E1C;ผ;THAI CHARACTER PHO PHUNG;
XK_Thai_fofa;0x0dbd;3613;0E1D;ฝ;THAI CHARACTER FO FA;
XK_Thai_phophan;0x0dbe;3614;0E1E;พ;THAI CHARACTER PHO PHAN;
XK_Thai_fofan;0x0dbf;3615;0E1F;ฟ;THAI CHARACTER FO FAN;
XK_Thai_phosamphao;0x0dc0;3616;0E20;ภ;THAI CHARACTER PHO SAMPHAO;
XK_Thai_moma;0x0dc1;3617;0E21;ม;THAI CHARACTER MO MA;
XK_Thai_yoyak;0x0dc2;3618;0E22;ย;THAI CHARACTER YO YAK;
XK_Thai_rorua;0x0dc3;3619;0E23;ร;THAI CHARACTER RO RUA;
XK_Thai_ru;0x0dc4;3620;0E24;ฤ;THAI CHARACTER RU;
XK_Thai_loling;0x0dc5;3621;0E25;ล;THAI CHARACTER LO LING;
XK_Thai_lu;0x0dc6;3622;0E26;ฦ;THAI CHARACTER LU;
XK_Thai_wowaen;0x0dc7;3623;0E27;ว;THAI CHARACTER WO WAEN;
XK_Thai_sosala;0x0dc8;3624;0E28;ศ;THAI CHARACTER SO SALA;
XK_Thai_sorusi;0x0dc9;3625;0E29;ษ;THAI CHARACTER SO RUSI;
XK_Thai_sosua;0x0dca;3626;0E2A;ส;THAI CHARACTER SO SUA;
XK_Thai_hohip;0x0dcb;3627;0E2B;ห;THAI CHARACTER HO HIP;
XK_Thai_lochula;0x0dcc;3628;0E2C;ฬ;THAI CHARACTER LO CHULA;
XK_Thai_oang;0x0dcd;3629;0E2D;อ;THAI CHARACTER O ANG;
XK_Thai_honokhuk;0x0dce;3630;0E2E;ฮ;THAI CHARACTER HO NOKHUK;
XK_Thai_paiyannoi;0x0dcf;3631;0E2F;ฯ;THAI CHARACTER PAIYANNOI;
XK_Thai_saraa;0x0dd0;3632;0E30;ะ;THAI CHARACTER SARA A;
XK_Thai_maihanakat;0x0dd1;3633;0E31;ั;THAI CHARACTER MAI HAN-AKAT;
XK_Thai_saraaa;0x0dd2;3634;0E32;า;THAI CHARACTER SARA AA;
XK_Thai_saraam;0x0dd3;3635;0E33;ำ;THAI CHARACTER SARA AM;
XK_Thai_sarai;0x0dd4;3636;0E34;ิ;THAI CHARACTER SARA I;
XK_Thai_saraii;0x0dd5;3637;0E35;ี;THAI CHARACTER SARA II;
XK_Thai_saraue;0x0dd6;3638;0E36;ึ;THAI CHARACTER SARA UE;
XK_Thai_sarauee;0x0dd7;3639;0E37;ื;THAI CHARACTER SARA UEE;
XK_Thai_sarau;0x0dd8;3640;0E38;ุ;THAI CHARACTER SARA U;
XK_Thai_sarauu;0x0dd9;3641;0E39;ู;THAI CHARACTER SARA UU;
XK_Thai_phinthu;0x0dda;3642;0E3A;ฺ;THAI CHARACTER PHINTHU;
XK_Thai_baht;0x0ddf;3647;0E3F;฿;THAI CURRENCY SYMBOL BAHT;
XK_Thai_sarae;0x0de0;3648;0E40;เ;THAI CHARACTER SARA E;
XK_Thai_saraae;0x0de1;3649;0E41;แ;THAI CHARACTER SARA AE;
XK_Thai_sarao;0x0de2;3650;0E42;โ;THAI CHARACTER SARA O;
XK_Thai_saraaimaimuan;0x0de3;3651;0E43;ใ;THAI CHARACTER SARA AI MAIMUAN;
XK_Thai_saraaimaimalai;0x0de4;3652;0E44;ไ;THAI CHARACTER SARA AI MAIMALAI;
XK_Thai_lakkhangyao;0x0de5;3653;0E45;ๅ;THAI CHARACTER LAKKHANGYAO;
XK_Thai_maiyamok;0x0de6;3654;0E46;ๆ;THAI CHARACTER MAIYAMOK;
XK_Thai_maitaikhu;0x0de7;3655;0E47;็;THAI CHARACTER MAITAIKHU;
XK_Thai_maiek;0x0de8;3656;0E48;่;THAI CHARACTER MAI EK;
XK_Thai_maitho;0x0de9;3657;0E49;้;THAI CHARACTER MAI THO;
XK_Thai_maitri;0x0dea;3658;0E4A;๊;THAI CHARACTER MAI TRI;
XK_Thai_maichattawa;0x0deb;3659;0E4B;๋;THAI CHARACTER MAI CHATTAWA;
XK_Thai_thanthakhat;0x0dec;3660;0E4C;์;THAI CHARACTER THANTHAKHAT;
XK_Thai_nikhahit;0x0ded;3661;0E4D;ํ;THAI CHARACTER NIKHAHIT;
XK_Thai_leksun;0x0df0;3664;0E50;๐;THAI DIGIT ZERO;
XK_Thai_leknung;0x0df1;3665;0E51;๑;THAI DIGIT ONE;
XK_Thai_leksong;0x0df2;3666;0E52;๒;THAI DIGIT TWO;
XK_Thai_leksam;0x0df3;3667;0E53;๓;THAI DIGIT THREE;
XK_Thai_leksi;0x0df4;3668;0E54;๔;THAI DIGIT FOUR;
XK_Thai_lekha;0x0df5;3669;0E55;๕;THAI DIGIT FIVE;
XK_Thai_lekhok;0x0df6;3670;0E56;๖;THAI DIGIT SIX;
XK_Thai_lekchet;0x0df7;3671;0E57;๗;THAI DIGIT SEVEN;
XK_Thai_lekpaet;0x0df8;3672;0E58;๘;THAI DIGIT EIGHT;
XK_Thai_lekkao;0x0df9;3673;0E59;๙;THAI DIGIT NINE;
XK_Georgian_an                0x1;0010d0;4304;10D0;ა;GEORGIAN LETTER AN;
XK_Georgian_ban               0x1;0010d1;4305;10D1;ბ;GEORGIAN LETTER BAN;
XK_Georgian_gan               0x1;0010d2;4306;10D2;გ;GEORGIAN LETTER GAN;
XK_Georgian_don               0x1;0010d3;4307;10D3;დ;GEORGIAN LETTER DON;
XK_Georgian_en                0x1;0010d4;4308;10D4;ე;GEORGIAN LETTER EN;
XK_Georgian_vin               0x1;0010d5;4309;10D5;ვ;GEORGIAN LETTER VIN;
XK_Georgian_zen               0x1;0010d6;4310;10D6;ზ;GEORGIAN LETTER ZEN;
XK_Georgian_tan               0x1;0010d7;4311;10D7;თ;GEORGIAN LETTER TAN;
XK_Georgian_in                0x1;0010d8;4312;10D8;ი;GEORGIAN LETTER IN;
XK_Georgian_kan               0x1;0010d9;4313;10D9;კ;GEORGIAN LETTER KAN;
XK_Georgian_las               0x1;0010da;4314;10DA;ლ;GEORGIAN LETTER LAS;
XK_Georgian_man               0x1;0010db;4315;10DB;მ;GEORGIAN LETTER MAN;
XK_Georgian_nar               0x1;0010dc;4316;10DC;ნ;GEORGIAN LETTER NAR;
XK_Georgian_on                0x1;0010dd;4317;10DD;ო;GEORGIAN LETTER ON;
XK_Georgian_par               0x1;0010de;4318;10DE;პ;GEORGIAN LETTER PAR;
XK_Georgian_zhar              0x1;0010df;4319;10DF;ჟ;GEORGIAN LETTER ZHAR;
XK_Georgian_rae               0x1;0010e0;4320;10E0;რ;GEORGIAN LETTER RAE;
XK_Georgian_san               0x1;0010e1;4321;10E1;ს;GEORGIAN LETTER SAN;
XK_Georgian_tar               0x1;0010e2;4322;10E2;ტ;GEORGIAN LETTER TAR;
XK_Georgian_un                0x1;0010e3;4323;10E3;უ;GEORGIAN LETTER UN;
XK_Georgian_phar              0x1;0010e4;4324;10E4;ფ;GEORGIAN LETTER PHAR;
XK_Georgian_khar              0x1;0010e5;4325;10E5;ქ;GEORGIAN LETTER KHAR;
XK_Georgian_ghan              0x1;0010e6;4326;10E6;ღ;GEORGIAN LETTER GHAN;
XK_Georgian_qar               0x1;0010e7;4327;10E7;ყ;GEORGIAN LETTER QAR;
XK_Georgian_shin              0x1;0010e8;4328;10E8;შ;GEORGIAN LETTER SHIN;
XK_Georgian_chin              0x1;0010e9;4329;10E9;ჩ;GEORGIAN LETTER CHIN;
XK_Georgian_can               0x1;0010ea;4330;10EA;ც;GEORGIAN LETTER CAN;
XK_Georgian_jil               0x1;0010eb;4331;10EB;ძ;GEORGIAN LETTER JIL;
XK_Georgian_cil               0x1;0010ec;4332;10EC;წ;GEORGIAN LETTER CIL;
XK_Georgian_char              0x1;0010ed;4333;10ED;ჭ;GEORGIAN LETTER CHAR;
XK_Georgian_xan               0x1;0010ee;4334;10EE;ხ;GEORGIAN LETTER XAN;
XK_Georgian_jhan              0x1;0010ef;4335;10EF;ჯ;GEORGIAN LETTER JHAN;
XK_Georgian_hae               0x1;0010f0;4336;10F0;ჰ;GEORGIAN LETTER HAE;
XK_Georgian_he                0x1;0010f1;4337;10F1;ჱ;GEORGIAN LETTER HE;
XK_Georgian_hie               0x1;0010f2;4338;10F2;ჲ;GEORGIAN LETTER HIE;
XK_Georgian_we                0x1;0010f3;4339;10F3;ჳ;GEORGIAN LETTER WE;
XK_Georgian_har               0x1;0010f4;4340;10F4;ჴ;GEORGIAN LETTER HAR;
XK_Georgian_hoe               0x1;0010f5;4341;10F5;ჵ;GEORGIAN LETTER HOE;
XK_Georgian_fi                0x1;0010f6;4342;10F6;ჶ;GEORGIAN LETTER FI;
XK_Babovedot                  0x1;001e02;7682;1E02;Ḃ;LATIN CAPITAL LETTER B WITH DOT ABOVE;
XK_babovedot                  0x1;001e03;7683;1E03;ḃ;LATIN SMALL LETTER B WITH DOT ABOVE;
XK_Dabovedot                  0x1;001e0a;7690;1E0A;Ḋ;LATIN CAPITAL LETTER D WITH DOT ABOVE;
XK_dabovedot                  0x1;001e0b;7691;1E0B;ḋ;LATIN SMALL LETTER D WITH DOT ABOVE;
XK_Fabovedot                  0x1;001e1e;7710;1E1E;Ḟ;LATIN CAPITAL LETTER F WITH DOT ABOVE;
XK_fabovedot                  0x1;001e1f;7711;1E1F;ḟ;LATIN SMALL LETTER F WITH DOT ABOVE;
XK_Lbelowdot                  0x1;001e36;7734;1E36;Ḷ;LATIN CAPITAL LETTER L WITH DOT BELOW;
XK_lbelowdot                  0x1;001e37;7735;1E37;ḷ;LATIN SMALL LETTER L WITH DOT BELOW;
XK_Mabovedot                  0x1;001e40;7744;1E40;Ṁ;LATIN CAPITAL LETTER M WITH DOT ABOVE;
XK_mabovedot                  0x1;001e41;7745;1E41;ṁ;LATIN SMALL LETTER M WITH DOT ABOVE;
XK_Pabovedot                  0x1;001e56;7766;1E56;Ṗ;LATIN CAPITAL LETTER P WITH DOT ABOVE;
XK_pabovedot                  0x1;001e57;7767;1E57;ṗ;LATIN SMALL LETTER P WITH DOT ABOVE;
XK_Sabovedot                  0x1;001e60;7776;1E60;Ṡ;LATIN CAPITAL LETTER S WITH DOT ABOVE;
XK_sabovedot                  0x1;001e61;7777;1E61;ṡ;LATIN SMALL LETTER S WITH DOT ABOVE;
XK_Tabovedot                  0x1;001e6a;7786;1E6A;Ṫ;LATIN CAPITAL LETTER T WITH DOT ABOVE;
XK_tabovedot                  0x1;001e6b;7787;1E6B;ṫ;LATIN SMALL LETTER T WITH DOT ABOVE;
XK_Wgrave                     0x1;001e80;7808;1E80;Ẁ;LATIN CAPITAL LETTER W WITH GRAVE;
XK_wgrave                     0x1;001e81;7809;1E81;ẁ;LATIN SMALL LETTER W WITH GRAVE;
XK_Wacute                     0x1;001e82;7810;1E82;Ẃ;LATIN CAPITAL LETTER W WITH ACUTE;
XK_wacute                     0x1;001e83;7811;1E83;ẃ;LATIN SMALL LETTER W WITH ACUTE;
XK_Wdiaeresis                 0x1;001e84;7812;1E84;Ẅ;LATIN CAPITAL LETTER W WITH DIAERESIS;
XK_wdiaeresis                 0x1;001e85;7813;1E85;ẅ;LATIN SMALL LETTER W WITH DIAERESIS;
XK_Xabovedot                  0x1;001e8a;7818;1E8A;Ẋ;LATIN CAPITAL LETTER X WITH DOT ABOVE;
XK_xabovedot                  0x1;001e8b;7819;1E8B;ẋ;LATIN SMALL LETTER X WITH DOT ABOVE;
XK_Abelowdot                  0x1;001ea0;7840;1EA0;Ạ;LATIN CAPITAL LETTER A WITH DOT BELOW;
XK_abelowdot                  0x1;001ea1;7841;1EA1;ạ;LATIN SMALL LETTER A WITH DOT BELOW;
XK_Ahook                      0x1;001ea2;7842;1EA2;Ả;LATIN CAPITAL LETTER A WITH HOOK ABOVE;
XK_ahook                      0x1;001ea3;7843;1EA3;ả;LATIN SMALL LETTER A WITH HOOK ABOVE;
XK_Acircumflexacute           0x1;001ea4;7844;1EA4;Ấ;LATIN CAPITAL LETTER A WITH CIRCUMFLEX AND ACUTE;
XK_acircumflexacute           0x1;001ea5;7845;1EA5;ấ;LATIN SMALL LETTER A WITH CIRCUMFLEX AND ACUTE;
XK_Acircumflexgrave           0x1;001ea6;7846;1EA6;Ầ;LATIN CAPITAL LETTER A WITH CIRCUMFLEX AND GRAVE;
XK_acircumflexgrave           0x1;001ea7;7847;1EA7;ầ;LATIN SMALL LETTER A WITH CIRCUMFLEX AND GRAVE;
XK_Acircumflexhook            0x1;001ea8;7848;1EA8;Ẩ;LATIN CAPITAL LETTER A WITH CIRCUMFLEX AND HOOK ABOVE;
XK_acircumflexhook            0x1;001ea9;7849;1EA9;ẩ;LATIN SMALL LETTER A WITH CIRCUMFLEX AND HOOK ABOVE;
XK_Acircumflextilde           0x1;001eaa;7850;1EAA;Ẫ;LATIN CAPITAL LETTER A WITH CIRCUMFLEX AND TILDE;
XK_acircumflextilde           0x1;001eab;7851;1EAB;ẫ;LATIN SMALL LETTER A WITH CIRCUMFLEX AND TILDE;
XK_Acircumflexbelowdot        0x1;001eac;7852;1EAC;Ậ;LATIN CAPITAL LETTER A WITH CIRCUMFLEX AND DOT BELOW;
XK_acircumflexbelowdot        0x1;001ead;7853;1EAD;ậ;LATIN SMALL LETTER A WITH CIRCUMFLEX AND DOT BELOW;
XK_Abreveacute                0x1;001eae;7854;1EAE;Ắ;LATIN CAPITAL LETTER A WITH BREVE AND ACUTE;
XK_abreveacute                0x1;001eaf;7855;1EAF;ắ;LATIN SMALL LETTER A WITH BREVE AND ACUTE;
XK_Abrevegrave                0x1;001eb0;7856;1EB0;Ằ;LATIN CAPITAL LETTER A WITH BREVE AND GRAVE;
XK_abrevegrave                0x1;001eb1;7857;1EB1;ằ;LATIN SMALL LETTER A WITH BREVE AND GRAVE;
XK_Abrevehook                 0x1;001eb2;7858;1EB2;Ẳ;LATIN CAPITAL LETTER A WITH BREVE AND HOOK ABOVE;
XK_abrevehook                 0x1;001eb3;7859;1EB3;ẳ;LATIN SMALL LETTER A WITH BREVE AND HOOK ABOVE;
XK_Abrevetilde                0x1;001eb4;7860;1EB4;Ẵ;LATIN CAPITAL LETTER A WITH BREVE AND TILDE;
XK_abrevetilde                0x1;001eb5;7861;1EB5;ẵ;LATIN SMALL LETTER A WITH BREVE AND TILDE;
XK_Abrevebelowdot             0x1;001eb6;7862;1EB6;Ặ;LATIN CAPITAL LETTER A WITH BREVE AND DOT BELOW;
XK_abrevebelowdot             0x1;001eb7;7863;1EB7;ặ;LATIN SMALL LETTER A WITH BREVE AND DOT BELOW;
XK_Ebelowdot                  0x1;001eb8;7864;1EB8;Ẹ;LATIN CAPITAL LETTER E WITH DOT BELOW;
XK_ebelowdot                  0x1;001eb9;7865;1EB9;ẹ;LATIN SMALL LETTER E WITH DOT BELOW;
XK_Ehook                      0x1;001eba;7866;1EBA;Ẻ;LATIN CAPITAL LETTER E WITH HOOK ABOVE;
XK_ehook                      0x1;001ebb;7867;1EBB;ẻ;LATIN SMALL LETTER E WITH HOOK ABOVE;
XK_Etilde                     0x1;001ebc;7868;1EBC;Ẽ;LATIN CAPITAL LETTER E WITH TILDE;
XK_etilde                     0x1;001ebd;7869;1EBD;ẽ;LATIN SMALL LETTER E WITH TILDE;
XK_Ecircumflexacute           0x1;001ebe;7870;1EBE;Ế;LATIN CAPITAL LETTER E WITH CIRCUMFLEX AND ACUTE;
XK_ecircumflexacute           0x1;001ebf;7871;1EBF;ế;LATIN SMALL LETTER E WITH CIRCUMFLEX AND ACUTE;
XK_Ecircumflexgrave           0x1;001ec0;7872;1EC0;Ề;LATIN CAPITAL LETTER E WITH CIRCUMFLEX AND GRAVE;
XK_ecircumflexgrave           0x1;001ec1;7873;1EC1;ề;LATIN SMALL LETTER E WITH CIRCUMFLEX AND GRAVE;
XK_Ecircumflexhook            0x1;001ec2;7874;1EC2;Ể;LATIN CAPITAL LETTER E WITH CIRCUMFLEX AND HOOK ABOVE;
XK_ecircumflexhook            0x1;001ec3;7875;1EC3;ể;LATIN SMALL LETTER E WITH CIRCUMFLEX AND HOOK ABOVE;
XK_Ecircumflextilde           0x1;001ec4;7876;1EC4;Ễ;LATIN CAPITAL LETTER E WITH CIRCUMFLEX AND TILDE;
XK_ecircumflextilde           0x1;001ec5;7877;1EC5;ễ;LATIN SMALL LETTER E WITH CIRCUMFLEX AND TILDE;
XK_Ecircumflexbelowdot        0x1;001ec6;7878;1EC6;Ệ;LATIN CAPITAL LETTER E WITH CIRCUMFLEX AND DOT BELOW;
XK_ecircumflexbelowdot        0x1;001ec7;7879;1EC7;ệ;LATIN SMALL LETTER E WITH CIRCUMFLEX AND DOT BELOW;
XK_Ihook                      0x1;001ec8;7880;1EC8;Ỉ;LATIN CAPITAL LETTER I WITH HOOK ABOVE;
XK_ihook                      0x1;001ec9;7881;1EC9;ỉ;LATIN SMALL LETTER I WITH HOOK ABOVE;
XK_Ibelowdot                  0x1;001eca;7882;1ECA;Ị;LATIN CAPITAL LETTER I WITH DOT BELOW;
XK_ibelowdot                  0x1;001ecb;7883;1ECB;ị;LATIN SMALL LETTER I WITH DOT BELOW;
XK_Obelowdot                  0x1;001ecc;7884;1ECC;Ọ;LATIN CAPITAL LETTER O WITH DOT BELOW;
XK_obelowdot                  0x1;001ecd;7885;1ECD;ọ;LATIN SMALL LETTER O WITH DOT BELOW;
XK_Ohook                      0x1;001ece;7886;1ECE;Ỏ;LATIN CAPITAL LETTER O WITH HOOK ABOVE;
XK_ohook                      0x1;001ecf;7887;1ECF;ỏ;LATIN SMALL LETTER O WITH HOOK ABOVE;
XK_Ocircumflexacute           0x1;001ed0;7888;1ED0;Ố;LATIN CAPITAL LETTER O WITH CIRCUMFLEX AND ACUTE;
XK_ocircumflexacute           0x1;001ed1;7889;1ED1;ố;LATIN SMALL LETTER O WITH CIRCUMFLEX AND ACUTE;
XK_Ocircumflexgrave           0x1;001ed2;7890;1ED2;Ồ;LATIN CAPITAL LETTER O WITH CIRCUMFLEX AND GRAVE;
XK_ocircumflexgrave           0x1;001ed3;7891;1ED3;ồ;LATIN SMALL LETTER O WITH CIRCUMFLEX AND GRAVE;
XK_Ocircumflexhook            0x1;001ed4;7892;1ED4;Ổ;LATIN CAPITAL LETTER O WITH CIRCUMFLEX AND HOOK ABOVE;
XK_ocircumflexhook            0x1;001ed5;7893;1ED5;ổ;LATIN SMALL LETTER O WITH CIRCUMFLEX AND HOOK ABOVE;
XK_Ocircumflextilde           0x1;001ed6;7894;1ED6;Ỗ;LATIN CAPITAL LETTER O WITH CIRCUMFLEX AND TILDE;
XK_ocircumflextilde           0x1;001ed7;7895;1ED7;ỗ;LATIN SMALL LETTER O WITH CIRCUMFLEX AND TILDE;
XK_Ocircumflexbelowdot        0x1;001ed8;7896;1ED8;Ộ;LATIN CAPITAL LETTER O WITH CIRCUMFLEX AND DOT BELOW;
XK_ocircumflexbelowdot        0x1;001ed9;7897;1ED9;ộ;LATIN SMALL LETTER O WITH CIRCUMFLEX AND DOT BELOW;
XK_Ohornacute                 0x1;001eda;7898;1EDA;Ớ;LATIN CAPITAL LETTER O WITH HORN AND ACUTE;
XK_ohornacute                 0x1;001edb;7899;1EDB;ớ;LATIN SMALL LETTER O WITH HORN AND ACUTE;
XK_Ohorngrave                 0x1;001edc;7900;1EDC;Ờ;LATIN CAPITAL LETTER O WITH HORN AND GRAVE;
XK_ohorngrave                 0x1;001edd;7901;1EDD;ờ;LATIN SMALL LETTER O WITH HORN AND GRAVE;
XK_Ohornhook                  0x1;001ede;7902;1EDE;Ở;LATIN CAPITAL LETTER O WITH HORN AND HOOK ABOVE;
XK_ohornhook                  0x1;001edf;7903;1EDF;ở;LATIN SMALL LETTER O WITH HORN AND HOOK ABOVE;
XK_Ohorntilde                 0x1;001ee0;7904;1EE0;Ỡ;LATIN CAPITAL LETTER O WITH HORN AND TILDE;
XK_ohorntilde                 0x1;001ee1;7905;1EE1;ỡ;LATIN SMALL LETTER O WITH HORN AND TILDE;
XK_Ohornbelowdot              0x1;001ee2;7906;1EE2;Ợ;LATIN CAPITAL LETTER O WITH HORN AND DOT BELOW;
XK_ohornbelowdot              0x1;001ee3;7907;1EE3;ợ;LATIN SMALL LETTER O WITH HORN AND DOT BELOW;
XK_Ubelowdot                  0x1;001ee4;7908;1EE4;Ụ;LATIN CAPITAL LETTER U WITH DOT BELOW;
XK_ubelowdot                  0x1;001ee5;7909;1EE5;ụ;LATIN SMALL LETTER U WITH DOT BELOW;
XK_Uhook                      0x1;001ee6;7910;1EE6;Ủ;LATIN CAPITAL LETTER U WITH HOOK ABOVE;
XK_uhook                      0x1;001ee7;7911;1EE7;ủ;LATIN SMALL LETTER U WITH HOOK ABOVE;
XK_Uhornacute                 0x1;001ee8;7912;1EE8;Ứ;LATIN CAPITAL LETTER U WITH HORN AND ACUTE;
XK_uhornacute                 0x1;001ee9;7913;1EE9;ứ;LATIN SMALL LETTER U WITH HORN AND ACUTE;
XK_Uhorngrave                 0x1;001eea;7914;1EEA;Ừ;LATIN CAPITAL LETTER U WITH HORN AND GRAVE;
XK_uhorngrave                 0x1;001eeb;7915;1EEB;ừ;LATIN SMALL LETTER U WITH HORN AND GRAVE;
XK_Uhornhook                  0x1;001eec;7916;1EEC;Ử;LATIN CAPITAL LETTER U WITH HORN AND HOOK ABOVE;
XK_uhornhook                  0x1;001eed;7917;1EED;ử;LATIN SMALL LETTER U WITH HORN AND HOOK ABOVE;
XK_Uhorntilde                 0x1;001eee;7918;1EEE;Ữ;LATIN CAPITAL LETTER U WITH HORN AND TILDE;
XK_uhorntilde                 0x1;001eef;7919;1EEF;ữ;LATIN SMALL LETTER U WITH HORN AND TILDE;
XK_Uhornbelowdot              0x1;001ef0;7920;1EF0;Ự;LATIN CAPITAL LETTER U WITH HORN AND DOT BELOW;
XK_uhornbelowdot              0x1;001ef1;7921;1EF1;ự;LATIN SMALL LETTER U WITH HORN AND DOT BELOW;
XK_Ygrave                     0x1;001ef2;7922;1EF2;Ỳ;LATIN CAPITAL LETTER Y WITH GRAVE;
XK_ygrave                     0x1;001ef3;7923;1EF3;ỳ;LATIN SMALL LETTER Y WITH GRAVE;
XK_Ybelowdot                  0x1;001ef4;7924;1EF4;Ỵ;LATIN CAPITAL LETTER Y WITH DOT BELOW;
XK_ybelowdot                  0x1;001ef5;7925;1EF5;ỵ;LATIN SMALL LETTER Y WITH DOT BELOW;
XK_Yhook                      0x1;001ef6;7926;1EF6;Ỷ;LATIN CAPITAL LETTER Y WITH HOOK ABOVE;
XK_yhook                      0x1;001ef7;7927;1EF7;ỷ;LATIN SMALL LETTER Y WITH HOOK ABOVE;
XK_Ytilde                     0x1;001ef8;7928;1EF8;Ỹ;LATIN CAPITAL LETTER Y WITH TILDE;
XK_ytilde                     0x1;001ef9;7929;1EF9;ỹ;LATIN SMALL LETTER Y WITH TILDE;
XK_enspace;0x0aa2;8194;2002; ;EN SPACE;
XK_emspace;0x0aa1;8195;2003; ;EM SPACE;
XK_em3space;0x0aa3;8196;2004; ;THREE-PER-EM SPACE;
XK_em4space;0x0aa4;8197;2005; ;FOUR-PER-EM SPACE;
XK_digitspace;0x0aa5;8199;2007; ;FIGURE SPACE;
XK_punctspace;0x0aa6;8200;2008; ;PUNCTUATION SPACE;
XK_thinspace;0x0aa7;8201;2009; ;THIN SPACE;
XK_hairspace;0x0aa8;8202;200A; ;HAIR SPACE;
XK_figdash;0x0abb;8210;2012;‒;FIGURE DASH;
XK_endash;0x0aaa;8211;2013;–;EN DASH;
XK_emdash;0x0aa9;8212;2014;—;EM DASH;
XK_Greek_horizbar;0x07af;8213;2015;―;HORIZONTAL BAR;
XK_hebrew_doublelowline;0x0cdf;8215;2017;‗;DOUBLE LOW LINE;
XK_leftsinglequotemark;0x0ad0;8216;2018;‘;LEFT SINGLE QUOTATION MARK;
XK_rightsinglequotemark;0x0ad1;8217;2019;’;RIGHT SINGLE QUOTATION MARK;
XK_singlelowquotemark;0x0afd;8218;201A;‚;SINGLE LOW-9 QUOTATION MARK;
XK_leftdoublequotemark;0x0ad2;8220;201C;“;LEFT DOUBLE QUOTATION MARK;
XK_rightdoublequotemark;0x0ad3;8221;201D;”;RIGHT DOUBLE QUOTATION MARK;
XK_doublelowquotemark;0x0afe;8222;201E;„;DOUBLE LOW-9 QUOTATION MARK;
XK_dagger;0x0af1;8224;2020;†;DAGGER;
XK_doubledagger;0x0af2;8225;2021;‡;DOUBLE DAGGER;
XK_enfilledcircbullet;0x0ae6;8226;2022;•;BULLET)*/;
XK_doubbaselinedot;0x0aaf;8229;2025;‥;TWO DOT LEADER;
XK_ellipsis;0x0aae;8230;2026;…;HORIZONTAL ELLIPSIS;
XK_minutes;0x0ad6;8242;2032;′;PRIME;
XK_seconds;0x0ad7;8243;2033;″;DOUBLE PRIME;
XK_caret;0x0afc;8248;2038;‸;CARET;
XK_overline;0x047e;8254;203E;‾;OVERLINE;
XK_EcuSign                    0x1;0020a0;8352;20A0;₠;EURO-CURRENCY SIGN;
XK_ColonSign                  0x1;0020a1;8353;20A1;₡;COLON SIGN;
XK_CruzeiroSign               0x1;0020a2;8354;20A2;₢;CRUZEIRO SIGN;
XK_FFrancSign                 0x1;0020a3;8355;20A3;₣;FRENCH FRANC SIGN;
XK_LiraSign                   0x1;0020a4;8356;20A4;₤;LIRA SIGN;
XK_MillSign                   0x1;0020a5;8357;20A5;₥;MILL SIGN;
XK_NairaSign                  0x1;0020a6;8358;20A6;₦;NAIRA SIGN;
XK_PesetaSign                 0x1;0020a7;8359;20A7;₧;PESETA SIGN;
XK_RupeeSign                  0x1;0020a8;8360;20A8;₨;RUPEE SIGN;
XK_Korean_Won;0x0eff;8361;20A9;₩;WON SIGN)*/;
XK_WonSign                    0x1;0020a9;8361;20A9;₩;WON SIGN;
XK_NewSheqelSign              0x1;0020aa;8362;20AA;₪;NEW SHEQEL SIGN;
XK_DongSign                   0x1;0020ab;8363;20AB;₫;DONG SIGN;
XK_EuroSign;0x20ac;8364;20AC;€;EURO SIGN;
XK_careof;0x0ab8;8453;2105;℅;CARE OF;
XK_numerosign;0x06b0;8470;2116;№;NUMERO SIGN;
XK_phonographcopyright;0x0afb;8471;2117;℗;SOUND RECORDING COPYRIGHT;
XK_prescription;0x0ad4;8478;211E;℞;PRESCRIPTION TAKE;
XK_trademark;0x0ac9;8482;2122;™;TRADE MARK SIGN;
XK_onethird;0x0ab0;8531;2153;⅓;VULGAR FRACTION ONE THIRD;
XK_twothirds;0x0ab1;8532;2154;⅔;VULGAR FRACTION TWO THIRDS;
XK_onefifth;0x0ab2;8533;2155;⅕;VULGAR FRACTION ONE FIFTH;
XK_twofifths;0x0ab3;8534;2156;⅖;VULGAR FRACTION TWO FIFTHS;
XK_threefifths;0x0ab4;8535;2157;⅗;VULGAR FRACTION THREE FIFTHS;
XK_fourfifths;0x0ab5;8536;2158;⅘;VULGAR FRACTION FOUR FIFTHS;
XK_onesixth;0x0ab6;8537;2159;⅙;VULGAR FRACTION ONE SIXTH;
XK_fivesixths;0x0ab7;8538;215A;⅚;VULGAR FRACTION FIVE SIXTHS;
XK_oneeighth;0x0ac3;8539;215B;⅛;VULGAR FRACTION ONE EIGHTH;
XK_threeeighths;0x0ac4;8540;215C;⅜;VULGAR FRACTION THREE EIGHTHS;
XK_fiveeighths;0x0ac5;8541;215D;⅝;VULGAR FRACTION FIVE EIGHTHS;
XK_seveneighths;0x0ac6;8542;215E;⅞;VULGAR FRACTION SEVEN EIGHTHS;
XK_leftarrow;0x08fb;8592;2190;←;LEFTWARDS ARROW;
XK_uparrow;0x08fc;8593;2191;↑;UPWARDS ARROW;
XK_rightarrow;0x08fd;8594;2192;→;RIGHTWARDS ARROW;
XK_downarrow;0x08fe;8595;2193;↓;DOWNWARDS ARROW;
XK_implies;0x08ce;8658;21D2;⇒;RIGHTWARDS DOUBLE ARROW;
XK_ifonlyif;0x08cd;8660;21D4;⇔;LEFT RIGHT DOUBLE ARROW;
XK_partialderivative;0x08ef;8706;2202;∂;PARTIAL DIFFERENTIAL;
XK_nabla;0x08c5;8711;2207;∇;NABLA;
XK_jot;0x0bca;8728;2218;∘;RING OPERATOR;
XK_radical;0x08d6;8730;221A;√;SQUARE ROOT;
XK_variation;0x08c1;8733;221D;∝;PROPORTIONAL TO;
XK_infinity;0x08c2;8734;221E;∞;INFINITY;
XK_logicaland;0x08de;8743;2227;∧;LOGICAL AND;
XK_upcaret;0x0ba9;8743;2227;∧;LOGICAL AND)*/;
XK_logicalor;0x08df;8744;2228;∨;LOGICAL OR;
XK_downcaret;0x0ba8;8744;2228;∨;LOGICAL OR)*/;
XK_intersection;0x08dc;8745;2229;∩;INTERSECTION;
XK_upshoe;0x0bc3;8745;2229;∩;INTERSECTION)*/;
XK_union;0x08dd;8746;222A;∪;UNION;
XK_downshoe;0x0bd6;8746;222A;∪;UNION)*/;
XK_integral;0x08bf;8747;222B;∫;INTEGRAL;
XK_therefore;0x08c0;8756;2234;∴;THEREFORE;
XK_approximate;0x08c8;8764;223C;∼;TILDE OPERATOR;
XK_similarequal;0x08c9;8771;2243;≃;ASYMPTOTICALLY EQUAL TO;
XK_notequal;0x08bd;8800;2260;≠;NOT EQUAL TO;
XK_identical;0x08cf;8801;2261;≡;IDENTICAL TO;
XK_lessthanequal;0x08bc;8804;2264;≤;LESS-THAN OR EQUAL TO;
XK_greaterthanequal;0x08be;8805;2265;≥;GREATER-THAN OR EQUAL TO;
XK_includedin;0x08da;8834;2282;⊂;SUBSET OF;
XK_leftshoe;0x0bda;8834;2282;⊂;SUBSET OF)*/;
XK_includes;0x08db;8835;2283;⊃;SUPERSET OF;
XK_rightshoe;0x0bd8;8835;2283;⊃;SUPERSET OF)*/;
XK_lefttack;0x0bdc;8866;22A2;⊢;RIGHT TACK;
XK_righttack;0x0bfc;8867;22A3;⊣;LEFT TACK;
XK_uptack;0x0bce;8868;22A4;⊤;DOWN TACK;
XK_downtack;0x0bc2;8869;22A5;⊥;UP TACK;
XK_upstile;0x0bd3;8968;2308;⌈;LEFT CEILING;
XK_downstile;0x0bc4;8970;230A;⌊;LEFT FLOOR;
XK_telephonerecorder;0x0afa;8981;2315;⌕;TELEPHONE RECORDER;
XK_topintegral;0x08a4;8992;2320;⌠;TOP HALF INTEGRAL;
XK_botintegral;0x08a5;8993;2321;⌡;BOTTOM HALF INTEGRAL;
XK_quad;0x0bcc;9109;2395;⎕;APL FUNCTIONAL SYMBOL QUAD;
XK_topleftparens;0x08ab;9115;239B;⎛;LEFT PARENTHESIS UPPER HOOK;
XK_botleftparens;0x08ac;9117;239D;⎝;LEFT PARENTHESIS LOWER HOOK;
XK_toprightparens;0x08ad;9118;239E;⎞;RIGHT PARENTHESIS UPPER HOOK;
XK_botrightparens;0x08ae;9120;23A0;⎠;RIGHT PARENTHESIS LOWER HOOK;
XK_topleftsqbracket;0x08a7;9121;23A1;⎡;LEFT SQUARE BRACKET UPPER CORNER;
XK_botleftsqbracket;0x08a8;9123;23A3;⎣;LEFT SQUARE BRACKET LOWER CORNER;
XK_toprightsqbracket;0x08a9;9124;23A4;⎤;RIGHT SQUARE BRACKET UPPER CORNER;
XK_botrightsqbracket;0x08aa;9126;23A6;⎦;RIGHT SQUARE BRACKET LOWER CORNER;
XK_leftmiddlecurlybrace;0x08af;9128;23A8;⎨;LEFT CURLY BRACKET MIDDLE PIECE;
XK_rightmiddlecurlybrace;0x08b0;9132;23AC;⎬;RIGHT CURLY BRACKET MIDDLE PIECE;
XK_leftradical;0x08a1;9143;23B7;⎷;RADICAL SYMBOL BOTTOM;
XK_horizlinescan1;0x09ef;9146;23BA;⎺;HORIZONTAL SCAN LINE-1;
XK_horizlinescan3;0x09f0;9147;23BB;⎻;HORIZONTAL SCAN LINE-3;
XK_horizlinescan7;0x09f2;9148;23BC;⎼;HORIZONTAL SCAN LINE-7;
XK_horizlinescan9;0x09f3;9149;23BD;⎽;HORIZONTAL SCAN LINE-9;
XK_ht;0x09e2;9225;2409;␉;SYMBOL FOR HORIZONTAL TABULATION;
XK_lf;0x09e5;9226;240A;␊;SYMBOL FOR LINE FEED;
XK_vt;0x09e9;9227;240B;␋;SYMBOL FOR VERTICAL TABULATION;
XK_ff;0x09e3;9228;240C;␌;SYMBOL FOR FORM FEED;
XK_cr;0x09e4;9229;240D;␍;SYMBOL FOR CARRIAGE RETURN;
XK_signifblank;0x0aac;9251;2423;␣;OPEN BOX)*/;
XK_nl;0x09e8;9252;2424;␤;SYMBOL FOR NEWLINE;
XK_horizconnector;0x08a3;9472;2500;─;BOX DRAWINGS LIGHT HORIZONTAL)*/;
XK_horizlinescan5;0x09f1;9472;2500;─;BOX DRAWINGS LIGHT HORIZONTAL;
XK_vertconnector;0x08a6;9474;2502;│;BOX DRAWINGS LIGHT VERTICAL)*/;
XK_vertbar;0x09f8;9474;2502;│;BOX DRAWINGS LIGHT VERTICAL;
XK_topleftradical;0x08a2;9484;250C;┌;BOX DRAWINGS LIGHT DOWN AND RIGHT)*/;
XK_upleftcorner;0x09ec;9484;250C;┌;BOX DRAWINGS LIGHT DOWN AND RIGHT;
XK_uprightcorner;0x09eb;9488;2510;┐;BOX DRAWINGS LIGHT DOWN AND LEFT;
XK_lowleftcorner;0x09ed;9492;2514;└;BOX DRAWINGS LIGHT UP AND RIGHT;
XK_lowrightcorner;0x09ea;9496;2518;┘;BOX DRAWINGS LIGHT UP AND LEFT;
XK_leftt;0x09f4;9500;251C;├;BOX DRAWINGS LIGHT VERTICAL AND RIGHT;
XK_rightt;0x09f5;9508;2524;┤;BOX DRAWINGS LIGHT VERTICAL AND LEFT;
XK_topt;0x09f7;9516;252C;┬;BOX DRAWINGS LIGHT DOWN AND HORIZONTAL;
XK_bott;0x09f6;9524;2534;┴;BOX DRAWINGS LIGHT UP AND HORIZONTAL;
XK_crossinglines;0x09ee;9532;253C;┼;BOX DRAWINGS LIGHT VERTICAL AND HORIZONTAL;
XK_checkerboard;0x09e1;9618;2592;▒;MEDIUM SHADE;
XK_enfilledsqbullet;0x0ae7;9642;25AA;▪;BLACK SMALL SQUARE)*/;
XK_enopensquarebullet;0x0ae1;9643;25AB;▫;WHITE SMALL SQUARE)*/;
XK_filledrectbullet;0x0adb;9644;25AC;▬;BLACK RECTANGLE)*/;
XK_openrectbullet;0x0ae2;9645;25AD;▭;WHITE RECTANGLE)*/;
XK_emfilledrect;0x0adf;9646;25AE;▮;BLACK VERTICAL RECTANGLE)*/;
XK_emopenrectangle;0x0acf;9647;25AF;▯;WHITE VERTICAL RECTANGLE)*/;
XK_filledtribulletup;0x0ae8;9650;25B2;▲;BLACK UP-POINTING TRIANGLE)*/;
XK_opentribulletup;0x0ae3;9651;25B3;△;WHITE UP-POINTING TRIANGLE)*/;
XK_filledrighttribullet;0x0add;9654;25B6;▶;BLACK RIGHT-POINTING TRIANGLE)*/;
XK_rightopentriangle;0x0acd;9655;25B7;▷;WHITE RIGHT-POINTING TRIANGLE)*/;
XK_filledtribulletdown;0x0ae9;9660;25BC;▼;BLACK DOWN-POINTING TRIANGLE)*/;
XK_opentribulletdown;0x0ae4;9661;25BD;▽;WHITE DOWN-POINTING TRIANGLE)*/;
XK_filledlefttribullet;0x0adc;9664;25C0;◀;BLACK LEFT-POINTING TRIANGLE)*/;
XK_leftopentriangle;0x0acc;9665;25C1;◁;WHITE LEFT-POINTING TRIANGLE)*/;
XK_soliddiamond;0x09e0;9670;25C6;◆;BLACK DIAMOND;
XK_emopencircle;0x0ace;9675;25CB;○;WHITE CIRCLE)*/;
XK_circle;0x0bcf;9675;25CB;○;WHITE CIRCLE;
XK_emfilledcircle;0x0ade;9679;25CF;●;BLACK CIRCLE)*/;
XK_enopencircbullet;0x0ae0;9702;25E6;◦;WHITE BULLET)*/;
XK_openstar;0x0ae5;9734;2606;☆;WHITE STAR)*/;
XK_telephone;0x0af9;9742;260E;☎;BLACK TELEPHONE;
XK_signaturemark;0x0aca;9747;2613;☓;SALTIRE)*/;
XK_leftpointer;0x0aea;9756;261C;☜;WHITE LEFT POINTING INDEX)*/;
XK_rightpointer;0x0aeb;9758;261E;☞;WHITE RIGHT POINTING INDEX)*/;
XK_femalesymbol;0x0af8;9792;2640;♀;FEMALE SIGN;
XK_malesymbol;0x0af7;9794;2642;♂;MALE SIGN;
XK_club;0x0aec;9827;2663;♣;BLACK CLUB SUIT;
XK_heart;0x0aee;9829;2665;♥;BLACK HEART SUIT;
XK_diamond;0x0aed;9830;2666;♦;BLACK DIAMOND SUIT;
XK_musicalflat;0x0af6;9837;266D;♭;MUSIC FLAT SIGN;
XK_musicalsharp;0x0af5;9839;266F;♯;MUSIC SHARP SIGN;
XK_checkmark;0x0af3;10003;2713;✓;CHECK MARK;
XK_ballotcross;0x0af4;10007;2717;✗;BALLOT X;
XK_latincross;0x0ad9;10013;271D;✝;LATIN CROSS;
XK_maltesecross;0x0af0;10016;2720;✠;MALTESE CROSS;
XK_leftanglebracket;0x0abc;10216;27E8;⟨;MATHEMATICAL LEFT ANGLE BRACKET)*/;
XK_rightanglebracket;0x0abe;10217;27E9;⟩;MATHEMATICAL RIGHT ANGLE BRACKET)*/;
XK_kana_comma;0x04a4;12289;3001;、;IDEOGRAPHIC COMMA;
XK_kana_fullstop;0x04a1;12290;3002;。;IDEOGRAPHIC FULL STOP;
XK_kana_openingbracket;0x04a2;12300;300C;「;LEFT CORNER BRACKET;
XK_kana_closingbracket;0x04a3;12301;300D;」;RIGHT CORNER BRACKET;
XK_voicedsound;0x04de;12443;309B;゛;KATAKANA-HIRAGANA VOICED SOUND MARK;
XK_semivoicedsound;0x04df;12444;309C;゜;KATAKANA-HIRAGANA SEMI-VOICED SOUND MARK;
XK_kana_a;0x04a7;12449;30A1;ァ;KATAKANA LETTER SMALL A;
XK_kana_A;0x04b1;12450;30A2;ア;KATAKANA LETTER A;
XK_kana_i;0x04a8;12451;30A3;ィ;KATAKANA LETTER SMALL I;
XK_kana_I;0x04b2;12452;30A4;イ;KATAKANA LETTER I;
XK_kana_u;0x04a9;12453;30A5;ゥ;KATAKANA LETTER SMALL U;
XK_kana_U;0x04b3;12454;30A6;ウ;KATAKANA LETTER U;
XK_kana_e;0x04aa;12455;30A7;ェ;KATAKANA LETTER SMALL E;
XK_kana_E;0x04b4;12456;30A8;エ;KATAKANA LETTER E;
XK_kana_o;0x04ab;12457;30A9;ォ;KATAKANA LETTER SMALL O;
XK_kana_O;0x04b5;12458;30AA;オ;KATAKANA LETTER O;
XK_kana_KA;0x04b6;12459;30AB;カ;KATAKANA LETTER KA;
XK_kana_KI;0x04b7;12461;30AD;キ;KATAKANA LETTER KI;
XK_kana_KU;0x04b8;12463;30AF;ク;KATAKANA LETTER KU;
XK_kana_KE;0x04b9;12465;30B1;ケ;KATAKANA LETTER KE;
XK_kana_KO;0x04ba;12467;30B3;コ;KATAKANA LETTER KO;
XK_kana_SA;0x04bb;12469;30B5;サ;KATAKANA LETTER SA;
XK_kana_SHI;0x04bc;12471;30B7;シ;KATAKANA LETTER SI;
XK_kana_SU;0x04bd;12473;30B9;ス;KATAKANA LETTER SU;
XK_kana_SE;0x04be;12475;30BB;セ;KATAKANA LETTER SE;
XK_kana_SO;0x04bf;12477;30BD;ソ;KATAKANA LETTER SO;
XK_kana_TA;0x04c0;12479;30BF;タ;KATAKANA LETTER TA;
XK_kana_CHI;0x04c1;12481;30C1;チ;KATAKANA LETTER TI;
XK_kana_tsu;0x04af;12483;30C3;ッ;KATAKANA LETTER SMALL TU;
XK_kana_TSU;0x04c2;12484;30C4;ツ;KATAKANA LETTER TU;
XK_kana_TE;0x04c3;12486;30C6;テ;KATAKANA LETTER TE;
XK_kana_TO;0x04c4;12488;30C8;ト;KATAKANA LETTER TO;
XK_kana_NA;0x04c5;12490;30CA;ナ;KATAKANA LETTER NA;
XK_kana_NI;0x04c6;12491;30CB;ニ;KATAKANA LETTER NI;
XK_kana_NU;0x04c7;12492;30CC;ヌ;KATAKANA LETTER NU;
XK_kana_NE;0x04c8;12493;30CD;ネ;KATAKANA LETTER NE;
XK_kana_NO;0x04c9;12494;30CE;ノ;KATAKANA LETTER NO;
XK_kana_HA;0x04ca;12495;30CF;ハ;KATAKANA LETTER HA;
XK_kana_HI;0x04cb;12498;30D2;ヒ;KATAKANA LETTER HI;
XK_kana_FU;0x04cc;12501;30D5;フ;KATAKANA LETTER HU;
XK_kana_HE;0x04cd;12504;30D8;ヘ;KATAKANA LETTER HE;
XK_kana_HO;0x04ce;12507;30DB;ホ;KATAKANA LETTER HO;
XK_kana_MA;0x04cf;12510;30DE;マ;KATAKANA LETTER MA;
XK_kana_MI;0x04d0;12511;30DF;ミ;KATAKANA LETTER MI;
XK_kana_MU;0x04d1;12512;30E0;ム;KATAKANA LETTER MU;
XK_kana_ME;0x04d2;12513;30E1;メ;KATAKANA LETTER ME;
XK_kana_MO;0x04d3;12514;30E2;モ;KATAKANA LETTER MO;
XK_kana_ya;0x04ac;12515;30E3;ャ;KATAKANA LETTER SMALL YA;
XK_kana_YA;0x04d4;12516;30E4;ヤ;KATAKANA LETTER YA;
XK_kana_yu;0x04ad;12517;30E5;ュ;KATAKANA LETTER SMALL YU;
XK_kana_YU;0x04d5;12518;30E6;ユ;KATAKANA LETTER YU;
XK_kana_yo;0x04ae;12519;30E7;ョ;KATAKANA LETTER SMALL YO;
XK_kana_YO;0x04d6;12520;30E8;ヨ;KATAKANA LETTER YO;
XK_kana_RA;0x04d7;12521;30E9;ラ;KATAKANA LETTER RA;
XK_kana_RI;0x04d8;12522;30EA;リ;KATAKANA LETTER RI;
XK_kana_RU;0x04d9;12523;30EB;ル;KATAKANA LETTER RU;
XK_kana_RE;0x04da;12524;30EC;レ;KATAKANA LETTER RE;
XK_kana_RO;0x04db;12525;30ED;ロ;KATAKANA LETTER RO;
XK_kana_WA;0x04dc;12527;30EF;ワ;KATAKANA LETTER WA;
XK_kana_WO;0x04a6;12530;30F2;ヲ;KATAKANA LETTER WO;
XK_kana_N;0x04dd;12531;30F3;ン;KATAKANA LETTER N;
XK_kana_conjunctive;0x04a5;12539;30FB;・;KATAKANA MIDDLE DOT;
XK_prolongedsound;0x04b0;12540;30FC;ー;KATAKANA-HIRAGANA PROLONGED SOUND MARK;
XK_quoteleft;0x0060;;;;deprecated;
XK_Eth;0x00d0;;;;deprecated;
XK_Thorn;0x00de;;;;deprecated;
XK_kappa;0x03a2;;;;deprecated;
XK_kana_middledot;0x04a5;;;;deprecated;
XK_kana_tu;0x04af;;;;deprecated;
XK_kana_TI;0x04c1;;;;deprecated;
XK_kana_TU;0x04c2;;;;deprecated;
XK_kana_HU;0x04cc;;;;deprecated;
XK_kana_switch;0xff7e;;;;Alias for mode_switch;
XK_Arabic_heh;0x05e7;;;;deprecated;
XK_Arabic_switch;0xff7e;;;;Alias for mode_switch;
XK_Ukranian_je;0x06a4;;;;deprecated;
XK_Ukranian_i;0x06a6;;;;deprecated;
XK_Ukranian_yi;0x06a7;;;;deprecated;
XK_Serbian_je;0x06a8;;;;deprecated;
XK_Serbian_lje;0x06a9;;;;deprecated;
XK_Serbian_nje;0x06aa;;;;deprecated;
XK_Serbian_dze;0x06af;;;;deprecated;
XK_Ukranian_JE;0x06b4;;;;deprecated;
XK_Ukranian_I;0x06b6;;;;deprecated;
XK_Ukranian_YI;0x06b7;;;;deprecated;
XK_Serbian_JE;0x06b8;;;;deprecated;
XK_Serbian_LJE;0x06b9;;;;deprecated;
XK_Serbian_NJE;0x06ba;;;;deprecated;
XK_Serbian_DZE;0x06bf;;;;deprecated;
XK_Greek_IOTAdiaeresis;0x07a5;;;;oldtypo;
XK_Greek_switch;0xff7e;;;;Alias for mode_switch;
XK_hebrew_beth;0x0ce1;;;;deprecated;
XK_hebrew_gimmel;0x0ce2;;;;deprecated;
XK_hebrew_daleth;0x0ce3;;;;deprecated;
XK_hebrew_zayin;0x0ce6;;;;deprecated;
XK_hebrew_het;0x0ce7;;;;deprecated;
XK_hebrew_teth;0x0ce8;;;;deprecated;
XK_hebrew_samekh;0x0cf1;;;;deprecated;
XK_hebrew_finalzadi;0x0cf5;;;;deprecated;
XK_hebrew_zadi;0x0cf6;;;;deprecated;
XK_hebrew_kuf;0x0cf7;;;;deprecated;
XK_hebrew_taf;0x0cfa;;;;deprecated;
XK_Hebrew_switch;0xff7e;;;;Alias for mode_switch;
XK_Hangul;0xff31;;;;Hangul start/stop(toggle);
XK_Hangul_Start;0xff32;;;;Hangul start;
XK_Hangul_End;0xff33;;;;Hangul end, English start;
XK_Hangul_Hanja;0xff34;;;;Start Hangul->Hanja Conversion;
XK_Hangul_Jamo;0xff35;;;;Hangul Jamo mode;
XK_Hangul_Romaja;0xff36;;;;Hangul Romaja mode;
XK_Hangul_Codeinput;0xff37;;;;Hangul code input mode;
XK_Hangul_Jeonja;0xff38;;;;Jeonja mode;
XK_Hangul_Banja;0xff39;;;;Banja mode;
XK_Hangul_PreHanja;0xff3a;;;;PreHanja conversion;
XK_Hangul_PostHanja;0xff3b;;;;PostHanja conversion;
XK_Hangul_SingleCandidate;0xff3c;;;;Single candidate;
XK_Hangul_MultipleCandidate;0xff3d;;;;Multiple candidate;
XK_Hangul_PreviousCandidate;0xff3e;;;;Previous candidate;
XK_Hangul_Special;0xff3f;;;;Special symbols;
XK_Hangul_switch;0xff7e;;;;Alias for mode_switch;
XK_BackSpace;0xff08;;;;Backspace, back char;
XK_Tab;0xff09;;;;;
XK_Linefeed;0xff0a;;;;Linefeed, LF;
XK_Clear;0xff0b;;;;;
XK_Return;0xff0d;;;;Return, enter;
XK_Pause;0xff13;;;;Pause, hold;
XK_Scroll_Lock;0xff14;;;;;
XK_Sys_Req;0xff15;;;;;
XK_Escape;0xff1b;;;;;
XK_Delete;0xffff;;;;Delete, rubout;
XK_Multi_key;0xff20;;;;Multi-key character compose;
XK_Codeinput;0xff37;;;;;
XK_SingleCandidate;0xff3c;;;;;
XK_MultipleCandidate;0xff3d;;;;;
XK_PreviousCandidate;0xff3e;;;;;
XK_Kanji;0xff21;;;;Kanji, Kanji convert;
XK_Muhenkan;0xff22;;;;Cancel Conversion;
XK_Henkan_Mode;0xff23;;;;Start/Stop Conversion;
XK_Henkan;0xff23;;;;Alias for Henkan_Mode;
XK_Romaji;0xff24;;;;to Romaji;
XK_Hiragana;0xff25;;;;to Hiragana;
XK_Katakana;0xff26;;;;to Katakana;
XK_Hiragana_Katakana;0xff27;;;;Hiragana/Katakana toggle;
XK_Zenkaku;0xff28;;;;to Zenkaku;
XK_Hankaku;0xff29;;;;to Hankaku;
XK_Zenkaku_Hankaku;0xff2a;;;;Zenkaku/Hankaku toggle;
XK_Touroku;0xff2b;;;;Addto Dictionary;
XK_Massyo;0xff2c;;;;Delete from Dictionary;
XK_Kana_Lock;0xff2d;;;;KanaLock;
XK_Kana_Shift;0xff2e;;;;KanaShift;
XK_Eisu_Shift;0xff2f;;;;Alphanumeric Shift;
XK_Eisu_toggle;0xff30;;;;Alphanumeric toggle;
XK_Kanji_Bangou;0xff37;;;;Codeinput;
XK_Zen_Koho;0xff3d;;;;Multiple/All Candidate(s);
XK_Mae_Koho;0xff3e;;;;Previous Candidate;
XK_Home;0xff50;;;;;
XK_Left;0xff51;;;;Moveleft, left arrow;
XK_Up;0xff52;;;;Moveup, up arrow;
XK_Right;0xff53;;;;Moveright, right arrow;
XK_Down;0xff54;;;;Movedown, down arrow;
XK_Prior;0xff55;;;;Prior, previous;
XK_Page_Up;0xff55;;;;;
XK_Next;0xff56;;;;Next*/;
XK_Page_Down;0xff56;;;;;
XK_End;0xff57;;;;EOL*/;
XK_Begin;0xff58;;;;BOL*/;
XK_Select;0xff60;;;;Select, mark;
XK_Print;0xff61;;;;;
XK_Execute;0xff62;;;;Execute, run, do;
XK_Insert;0xff63;;;;Insert, insert here;
XK_Undo;0xff65;;;;;
XK_Redo;0xff66;;;;Redo, again;
XK_Menu;0xff67;;;;;
XK_Find;0xff68;;;;Find, search;
XK_Cancel;0xff69;;;;Cancel, stop, abort, exit;
XK_Help;0xff6a;;;;Help*/;
XK_Break;0xff6b;;;;;
XK_Mode_switch;0xff7e;;;;Character set switch;
XK_script_switch;0xff7e;;;;Alias for mode_switch;
XK_Num_Lock;0xff7f;;;;;
XK_KP_Space;0xff80;;;;Space;
XK_KP_Tab;0xff89;;;;;
XK_KP_Enter;0xff8d;;;;Enter;
XK_KP_F1;0xff91;;;;PF1,KP_A, ...;
XK_KP_F2;0xff92;;;;;
XK_KP_F3;0xff93;;;;;
XK_KP_F4;0xff94;;;;;
XK_KP_Home;0xff95;;;;;
XK_KP_Left;0xff96;;;;;
XK_KP_Up;0xff97;;;;;
XK_KP_Right;0xff98;;;;;
XK_KP_Down;0xff99;;;;;
XK_KP_Prior;0xff9a;;;;;
XK_KP_Page_Up;0xff9a;;;;;
XK_KP_Next;0xff9b;;;;;
XK_KP_Page_Down;0xff9b;;;;;
XK_KP_End;0xff9c;;;;;
XK_KP_Begin;0xff9d;;;;;
XK_KP_Insert;0xff9e;;;;;
XK_KP_Delete;0xff9f;;;;;
XK_KP_Equal;0xffbd;;;;Equals;
XK_KP_Multiply;0xffaa;;;;;
XK_KP_Add;0xffab;;;;;
XK_KP_Separator;0xffac;;;;Separator, often comma;
XK_KP_Subtract;0xffad;;;;;
XK_KP_Decimal;0xffae;;;;;
XK_KP_Divide;0xffaf;;;;;
XK_KP_0;0xffb0;;;;;
XK_KP_1;0xffb1;;;;;
XK_KP_2;0xffb2;;;;;
XK_KP_3;0xffb3;;;;;
XK_KP_4;0xffb4;;;;;
XK_KP_5;0xffb5;;;;;
XK_KP_6;0xffb6;;;;;
XK_KP_7;0xffb7;;;;;
XK_KP_8;0xffb8;;;;;
XK_KP_9;0xffb9;;;;;
XK_F1;0xffbe;;;;;
XK_F2;0xffbf;;;;;
XK_F3;0xffc0;;;;;
XK_F4;0xffc1;;;;;
XK_F5;0xffc2;;;;;
XK_F6;0xffc3;;;;;
XK_F7;0xffc4;;;;;
XK_F8;0xffc5;;;;;
XK_F9;0xffc6;;;;;
XK_F10;0xffc7;;;;;
XK_F11;0xffc8;;;;;
XK_L1;0xffc8;;;;;
XK_F12;0xffc9;;;;;
XK_L2;0xffc9;;;;;
XK_F13;0xffca;;;;;
XK_L3;0xffca;;;;;
XK_F14;0xffcb;;;;;
XK_L4;0xffcb;;;;;
XK_F15;0xffcc;;;;;
XK_L5;0xffcc;;;;;
XK_F16;0xffcd;;;;;
XK_L6;0xffcd;;;;;
XK_F17;0xffce;;;;;
XK_L7;0xffce;;;;;
XK_F18;0xffcf;;;;;
XK_L8;0xffcf;;;;;
XK_F19;0xffd0;;;;;
XK_L9;0xffd0;;;;;
XK_F20;0xffd1;;;;;
XK_L10;0xffd1;;;;;
XK_F21;0xffd2;;;;;
XK_R1;0xffd2;;;;;
XK_F22;0xffd3;;;;;
XK_R2;0xffd3;;;;;
XK_F23;0xffd4;;;;;
XK_R3;0xffd4;;;;;
XK_F24;0xffd5;;;;;
XK_R4;0xffd5;;;;;
XK_F25;0xffd6;;;;;
XK_R5;0xffd6;;;;;
XK_F26;0xffd7;;;;;
XK_R6;0xffd7;;;;;
XK_F27;0xffd8;;;;;
XK_R7;0xffd8;;;;;
XK_F28;0xffd9;;;;;
XK_R8;0xffd9;;;;;
XK_F29;0xffda;;;;;
XK_R9;0xffda;;;;;
XK_F30;0xffdb;;;;;
XK_R10;0xffdb;;;;;
XK_F31;0xffdc;;;;;
XK_R11;0xffdc;;;;;
XK_F32;0xffdd;;;;;
XK_R12;0xffdd;;;;;
XK_F33;0xffde;;;;;
XK_R13;0xffde;;;;;
XK_F34;0xffdf;;;;;
XK_R14;0xffdf;;;;;
XK_F35;0xffe0;;;;;
XK_R15;0xffe0;;;;;
XK_Shift_L;0xffe1;;;;Leftshift;
XK_Shift_R;0xffe2;;;;Right shift;
XK_Control_L;0xffe3;;;;Leftcontrol;
XK_Control_R;0xffe4;;;;Right control;
XK_Caps_Lock;0xffe5;;;;Capslock;
XK_Shift_Lock;0xffe6;;;;Shift lock;
XK_Meta_L;0xffe7;;;;Leftmeta;
XK_Meta_R;0xffe8;;;;Right meta;
XK_Alt_L;0xffe9;;;;Leftalt;
XK_Alt_R;0xffea;;;;Right alt;
XK_Super_L;0xffeb;;;;Leftsuper;
XK_Super_R;0xffec;;;;Right super;
XK_Hyper_L;0xffed;;;;Lefthyper;
XK_Hyper_R;0xffee;;;;Right hyper;
XK_ISO_Lock;0xfe01;;;;;
XK_ISO_Level2_Latch;0xfe02;;;;;
XK_ISO_Level3_Shift;0xfe03;;;;;
XK_ISO_Level3_Latch;0xfe04;;;;;
XK_ISO_Level3_Lock;0xfe05;;;;;
XK_ISO_Group_Shift;0xff7e;;;;Alias for mode_switch;
XK_ISO_Group_Latch;0xfe06;;;;;
XK_ISO_Group_Lock;0xfe07;;;;;
XK_ISO_Next_Group;0xfe08;;;;;
XK_ISO_Next_Group_Lock;0xfe09;;;;;
XK_ISO_Prev_Group;0xfe0a;;;;;
XK_ISO_Prev_Group_Lock;0xfe0b;;;;;
XK_ISO_First_Group;0xfe0c;;;;;
XK_ISO_First_Group_Lock;0xfe0d;;;;;
XK_ISO_Last_Group;0xfe0e;;;;;
XK_ISO_Last_Group_Lock;0xfe0f;;;;;
XK_ISO_Left_Tab;0xfe20;;;;;
XK_ISO_Move_Line_Up;0xfe21;;;;;
XK_ISO_Move_Line_Down;0xfe22;;;;;
XK_ISO_Partial_Line_Up;0xfe23;;;;;
XK_ISO_Partial_Line_Down;0xfe24;;;;;
XK_ISO_Partial_Space_Left;0xfe25;;;;;
XK_ISO_Partial_Space_Right;0xfe26;;;;;
XK_ISO_Set_Margin_Left;0xfe27;;;;;
XK_ISO_Set_Margin_Right;0xfe28;;;;;
XK_ISO_Release_Margin_Left;0xfe29;;;;;
XK_ISO_Release_Margin_Right;0xfe2a;;;;;
XK_ISO_Release_Both_Margins;0xfe2b;;;;;
XK_ISO_Fast_Cursor_Left;0xfe2c;;;;;
XK_ISO_Fast_Cursor_Right;0xfe2d;;;;;
XK_ISO_Fast_Cursor_Up;0xfe2e;;;;;
XK_ISO_Fast_Cursor_Down;0xfe2f;;;;;
XK_ISO_Continuous_Underline;0xfe30;;;;;
XK_ISO_Discontinuous_Underline;0xfe31;;;;;
XK_ISO_Emphasize;0xfe32;;;;;
XK_ISO_Center_Object;0xfe33;;;;;
XK_ISO_Enter;0xfe34;;;;;
XK_dead_grave;0xfe50;;;;;
XK_dead_acute;0xfe51;;;;;
XK_dead_circumflex;0xfe52;;;;;
XK_dead_tilde;0xfe53;;;;;
XK_dead_macron;0xfe54;;;;;
XK_dead_breve;0xfe55;;;;;
XK_dead_abovedot;0xfe56;;;;;
XK_dead_diaeresis;0xfe57;;;;;
XK_dead_abovering;0xfe58;;;;;
XK_dead_doubleacute;0xfe59;;;;;
XK_dead_caron;0xfe5a;;;;;
XK_dead_cedilla;0xfe5b;;;;;
XK_dead_ogonek;0xfe5c;;;;;
XK_dead_iota;0xfe5d;;;;;
XK_dead_voiced_sound;0xfe5e;;;;;
XK_dead_semivoiced_sound;0xfe5f;;;;;
XK_dead_belowdot;0xfe60;;;;;
XK_dead_hook;0xfe61;;;;;
XK_dead_horn;0xfe62;;;;;
XK_First_Virtual_Screen;0xfed0;;;;;
XK_Prev_Virtual_Screen;0xfed1;;;;;
XK_Next_Virtual_Screen;0xfed2;;;;;
XK_Last_Virtual_Screen;0xfed4;;;;;
XK_Terminate_Server;0xfed5;;;;;
XK_AccessX_Enable;0xfe70;;;;;
XK_AccessX_Feedback_Enable;0xfe71;;;;;
XK_RepeatKeys_Enable;0xfe72;;;;;
XK_SlowKeys_Enable;0xfe73;;;;;
XK_BounceKeys_Enable;0xfe74;;;;;
XK_StickyKeys_Enable;0xfe75;;;;;
XK_MouseKeys_Enable;0xfe76;;;;;
XK_MouseKeys_Accel_Enable;0xfe77;;;;;
XK_Overlay1_Enable;0xfe78;;;;;
XK_Overlay2_Enable;0xfe79;;;;;
XK_AudibleBell_Enable;0xfe7a;;;;;
XK_Pointer_Left;0xfee0;;;;;
XK_Pointer_Right;0xfee1;;;;;
XK_Pointer_Up;0xfee2;;;;;
XK_Pointer_Down;0xfee3;;;;;
XK_Pointer_UpLeft;0xfee4;;;;;
XK_Pointer_UpRight;0xfee5;;;;;
XK_Pointer_DownLeft;0xfee6;;;;;
XK_Pointer_DownRight;0xfee7;;;;;
XK_Pointer_Button_Dflt;0xfee8;;;;;
XK_Pointer_Button1;0xfee9;;;;;
XK_Pointer_Button2;0xfeea;;;;;
XK_Pointer_Button3;0xfeeb;;;;;
XK_Pointer_Button4;0xfeec;;;;;
XK_Pointer_Button5;0xfeed;;;;;
XK_Pointer_DblClick_Dflt;0xfeee;;;;;
XK_Pointer_DblClick1;0xfeef;;;;;
XK_Pointer_DblClick2;0xfef0;;;;;
XK_Pointer_DblClick3;0xfef1;;;;;
XK_Pointer_DblClick4;0xfef2;;;;;
XK_Pointer_DblClick5;0xfef3;;;;;
XK_Pointer_Drag_Dflt;0xfef4;;;;;
XK_Pointer_Drag1;0xfef5;;;;;
XK_Pointer_Drag2;0xfef6;;;;;
XK_Pointer_Drag3;0xfef7;;;;;
XK_Pointer_Drag4;0xfef8;;;;;
XK_Pointer_Drag5;0xfefd;;;;;
XK_Pointer_EnableKeys;0xfef9;;;;;
XK_Pointer_Accelerate;0xfefa;;;;;
XK_Pointer_DfltBtnNext;0xfefb;;;;;
XK_Pointer_DfltBtnPrev;0xfefc;;;;;
XK_3270_Duplicate;0xfd01;;;;;
XK_3270_FieldMark;0xfd02;;;;;
XK_3270_Right2;0xfd03;;;;;
XK_3270_Left2;0xfd04;;;;;
XK_3270_BackTab;0xfd05;;;;;
XK_3270_EraseEOF;0xfd06;;;;;
XK_3270_EraseInput;0xfd07;;;;;
XK_3270_Reset;0xfd08;;;;;
XK_3270_Quit;0xfd09;;;;;
XK_3270_PA1;0xfd0a;;;;;
XK_3270_PA2;0xfd0b;;;;;
XK_3270_PA3;0xfd0c;;;;;
XK_3270_Test;0xfd0d;;;;;
XK_3270_Attn;0xfd0e;;;;;
XK_3270_CursorBlink;0xfd0f;;;;;
XK_3270_AltCursor;0xfd10;;;;;
XK_3270_KeyClick;0xfd11;;;;;
XK_3270_Jump;0xfd12;;;;;
XK_3270_Ident;0xfd13;;;;;
XK_3270_Rule;0xfd14;;;;;
XK_3270_Copy;0xfd15;;;;;
XK_3270_Play;0xfd16;;;;;
XK_3270_Setup;0xfd17;;;;;
XK_3270_Record;0xfd18;;;;;
XK_3270_ChangeScreen;0xfd19;;;;;
XK_3270_DeleteWord;0xfd1a;;;;;
XK_3270_ExSelect;0xfd1b;;;;;
XK_3270_CursorSelect;0xfd1c;;;;;
XK_3270_PrintScreen;0xfd1d;;;;;
XK_3270_Enter;0xfd1e;;;;;
XK_quoteright;0x0027;;;;deprecated;
